Isabella_of_Valois_Duchess_of_Bourbon	spouse	Charles_Duke_of_Orl_ans
Isabella_of_Portugal_Queen_of_Castile	spouse	Charles_V_Holy_Roman_Emperor
Mary_of_Burgundy_Duchess_of_Cleves	spouse	Maximilian_I_Holy_Roman_Emperor
Charles_V_Holy_Roman_Emperor	spouse	Isabella_of_Portugal_Queen_of_Castile
Charles_Duke_of_Orl_ans	spouse	Isabella_of_Valois_Duchess_of_Bourbon
Maximilian_I_Holy_Roman_Emperor	spouse	Mary_of_Burgundy_Duchess_of_Cleves
John_I_of_Castile	spouse	Beatrice_of_Portugal_died_1381
Maria_Amalia_of_Naples_and_Sicily	spouse	Louis_Philippe_I_Duke_of_Orl_ans
George_Gordon_4th_Earl_of_Huntly	spouse	Elizabeth_Gordon_Countess_of_Huntly
Margaret_of_Savoy_Countess_of_Saint_Pol	spouse	Peter_II_Count_of_Saint_Pol
Stephen_III_Duke_of_Bavaria	spouse	Elisabeth_of_Cleves
Francis_II_Duke_of_Brittany	spouse	Margaret_of_Foix
Emma_of_France	spouse	Rudolph_of_France
Rozala_of_Italy	spouse	Robert_II_of_France
Pepin_the_Short	spouse	Bertrada_of_Laon
Richard_Fitzalan_3rd_Earl_of_Arundel	spouse	Eleanor_of_Lancaster
Empress_Matilda	spouse	Henry_V_Holy_Roman_Emperor
Philip_IV_of_Spain	spouse	Elisabeth_of_France_1602_1644
Charles_IV_of_Spain	spouse	Maria_Luisa_of_Parma
Henry_the_Middle_Duke_of_Brunswic_L_neburg	spouse	Margaret_of_Saxony_Duchess_of_Brunswic_L_neburg
Philip_the_Good	spouse	Michelle_of_Valois
Philip_II_Duke_of_Savoy	spouse	Margaret_of_Bourbon_1438_1483
Isabella_Duchess_of_Lorraine	spouse	Ren__of_Anjou
Juana_Manuel	spouse	Henry_II_of_Castile
Anna_of_Nassau_Dillenburg	spouse	Otto_V_Duke_of_Brunswic_L_neburg
Matilda_of_Saxony_countess_of_Flanders	spouse	Baldwin_III_Count_of_Flanders
Sophia_Eleonore_of_Saxony	spouse	George_II_Landgrave_of_Hesse_Darmstadt
Ethelinde_of_Northeim	spouse	Welf_I_Duke_of_Bavaria
Philippa_of_Guelders	spouse	Ren__II_Duke_of_Lorraine
Godfrey_I_Count_of_Verdun	spouse	Matilda_of_Saxony_countess_of_Flanders
Fulk_King_of_Jerusalem	spouse	Melisende_Queen_of_Jerusalem
James_I_of_Scotland	spouse	Joan_Beaufort_Queen_of_Scots
Gaston_de_Foix_Count_of_Candale	spouse	Catherine_of_Foix_Countess_of_Candale
Eleanor_of_Aragon_Queen_of_Castile	spouse	John_I_of_Castile
Frederick_I_Duke_of_Lorraine	spouse	Wierzchoslawa_Ludmilla_of_Greater_Poland
Wenceslaus_II_of_Bohemia	spouse	Judith_of_Habsburg
Victor_Amadeus_II_of_Sardinia	spouse	Anne_Marie_d_Orl_ans
James_Hepburn_4th_Earl_of_Bothwell	spouse	Jean_Gordon_Countess_of_Bothwell
Marie_de_Medici	spouse	Henry_IV_of_France
Theresa_of_Portugal_Queen_of_Le_n	spouse	Alfonso_IX_of_Le_n
Pepin_of_Herstal	spouse	Plectrude
Magnus_I_Duke_of_Brunswic_L_neburg	spouse	Sophia_of_Brandenburg
John_I_of_Portugal	spouse	Philippa_of_Lancaster
Francis_Count_of_Vend_me	spouse	Marie_of_Luxembourg_Countess_of_Vend_me
Charles_X	spouse	Maria_Theresa_of_Savoy
Charles_X	spouse	Louis_XVI
Adelaide_of_Burgundy_Duchess_of_Brabant	spouse	Henry_III_Duke_of_Brabant
Afonso_IV_of_Portugal	spouse	Beatrice_of_Castile_1293_1359
Maria_of_Austria_Duchess_of_J_lich_Cleves_Berg	spouse	William_Duke_of_J_lich_Cleves_Berg
Louis_XII	spouse	Joan_of_France_Duchess_of_Berry
Marie_Louise_Duchess_of_Parma	spouse	Charles_Ren__de_Bombelles
_lisabeth_Charlotte_d_Orl_ans	spouse	Leopold_Duke_of_Lorraine
John_IV_Marquis_of_Montferrat	spouse	Margaret_of_Savoy_Countess_of_Saint_Pol
George_Duke_of_Brunswic_Calenberg	spouse	Anna_Eleonore_of_Hesse_Darmstadt
Eleanor_of_Portugal_Holy_Roman_Empress	spouse	Frederick_III_Holy_Roman_Emperor
Charles_Emmanuel_III_of_Sardinia	spouse	Elisabeth_Therese_of_Lorraine
Aelis	spouse	Robert_I_of_France
Edward_II_of_England	spouse	Isabella_of_France
Janus_of_Cyprus	spouse	Charlotte_of_Bourbon_Queen_of_Cyprus
Maria_Theresa_of_Spain	spouse	Louis_XIV
Anne_of_Bohemia_and_Hungary	spouse	Ferdinand_I_Holy_Roman_Emperor
Edward_I_of_England	spouse	Eleanor_of_Castile
Edward_I_of_England	spouse	Margaret_of_France_Queen_of_England
Kunigunde_of_Altdorf	spouse	Albert_Azzo_II_Margrave_of_Milan
Countess_Palatine_Caroline_of_Zweibr_cken	spouse	Louis_IX_Landgrave_of_Hesse_Darmstadt
Hedwig_of_Saxony	spouse	Hugh_the_Great
Otto_IV_Count_of_Burgundy	spouse	Philippa_of_Bar
Alfonsina_Orsini	spouse	Piero_the_Unfortunate
Charles_III_Duke_of_Lorraine	spouse	Claude_of_France_1547_1575
Henry_II_of_England	spouse	Eleanor_of_Aquitaine
Eugene_Jean_Count_of_Soissons	spouse	Maria_Teresa_Cybo_Malaspina_Duchess_of_Massa
Margaret_of_Valois	spouse	Henry_IV_of_France
Albert_Frederick_Duke_of_Prussia	spouse	Marie_Eleonore_of_Cleves
Elizabeth_of_York	spouse	Henry_VII_of_England
Louise_Marie_Ad_la_de_de_Bourbon_Duchess_of_Orl_ans	spouse	Louis_Philippe_II_Duke_of_Orl_ans
Anna_von_Campe	spouse	Henry_the_Middle_Duke_of_Brunswic_L_neburg
Beatrice_of_Avesnes	spouse	Henry_VI_Count_of_Luxembourg
Bianca_Cappello	spouse	Francesco_I_de_Medici_Grand_Duke_of_Tuscany
Jacquetta_of_Luxembourg	spouse	John_of_Lancaster_1st_Duke_of_Bedford
Maria_Amalia_of_Saxony	spouse	Philip_V_of_Spain
Francesco_I_de_Medici_Grand_Duke_of_Tuscany	spouse	Joanna_of_Austria_Grand_Duchess_of_Tuscany
Theobald_III_Count_of_Blois	spouse	Adele_of_Valois
Eleanor_of_Viseu	spouse	John_II_of_Portugal
Louis_II_of_Anjou	spouse	Yolande_of_Aragon
Edward_the_Elder	spouse	_lffl_d_wife_of_Edward_the_Elder
Frederick_II_Duke_of_Brunswic_L_neburg	spouse	Magdalene_of_Brandenburg_1412_1454
John_Constable_of_Portugal	spouse	Isabel_of_Barcelos
Robert_II_of_Scotland	spouse	Euphemia_de_Ross
Baldwin_IV_Count_of_Flanders	spouse	Eleanor_of_Normandy
Louis_XI	spouse	Charlotte_of_Savoy
Gertrude_of_Saxony	spouse	Robert_I_Count_of_Flanders
Louis_VII_of_France	spouse	Adela_of_Champagne
Philip_V_of_Spain	spouse	Elisabeth_Farnese
Berenguer_Ramon_I_Count_of_Barcelona	spouse	Guisla_de_Llu__
Matilda_of_France	spouse	Conrad_I_of_Burgundy
Charlemagne	spouse	Hildegard_of_the_Vinzgau
Humphrey_de_Bohun_7th_Earl_of_Hereford	spouse	Joan_Fitzalan_Countess_of_Hereford
Ermengarde_of_Anjou_Duchess_of_Burgundy	spouse	Robert_I_Duke_of_Burgundy
Maximilian_I_Holy_Roman_Emperor	spouse	Bianca_Maria_Sforza
Baldwin_VI_Count_of_Flanders	spouse	Richilde_Countess_of_Hainaut
William_IV_Duke_of_Aquitaine	spouse	Emma_of_Blois
Ermengarde_of_Hesbaye	spouse	Louis_the_Pious
Theobald_I_of_Navarre	spouse	Agnes_of_Beaujeu
Odo_I_Count_of_Blois	spouse	Bertha_of_Burgundy
Marie_de_Ch_tillon_1323_1363	spouse	Rudolph_Duke_of_Lorraine
John_IV_Duke_of_Brittany	spouse	Joan_of_Navarre_Queen_of_England
John_IV_Duke_of_Brittany	spouse	Joan_Holland_Duchess_of_Brittany
Maria_Theresa	spouse	Francis_I_Holy_Roman_Emperor
Louis_Duke_of_Orl_ans_1703_1752	spouse	Auguste_of_Bade_Baden
John_Frederick_Duke_of_Brunswic_Calenberg	spouse	Benedicta_Henrietta_of_the_Palatinate
Frederick_V_Burgrave_of_Nuremberg	spouse	Elisabeth_of_Meissen
Cosimo_I_de_Medici_Grand_Duke_of_Tuscany	spouse	Camilla_Martelli
Judith_of_Flanders	spouse	_thelwulf_King_of_Wessex
Otto_II_Duke_of_Bavaria	spouse	Agnes_of_the_Palatinate
Henry_X_Duke_of_Bavaria	spouse	Gertrude_of_S_pplingenburg
Eberhard_II_Count_of_W_rttemberg	spouse	John_I_Duke_of_Lorraine
Theodoric_II_Duke_of_Lorraine	spouse	Gertrude_of_Flanders_Duchess_of_Lorraine
Sviatoslav_I	spouse	Malusha
Matthew_Stewart_4th_Earl_of_Lennox	spouse	Margaret_Douglas
Vladimir_the_Great	spouse	Rogneda_of_Polotsk
Berengar_II_of_Italy	spouse	Willa_of_Tuscany
Ansgarde_of_Burgundy	spouse	Louis_the_Stammerer
Anabella_Drummond	spouse	Robert_III_of_Scotland
Louis_II_Duke_of_Bavaria	spouse	Maria_of_Brabant_Duchess_of_Bavaria
Joanna_of_Bourbon	spouse	Charles_V_of_France
Charles_Duke_of_Orl_ans	spouse	Bonne_of_Armagnac
Alice_of_Namur	spouse	Baldwin_IV_Count_of_Hainaut
Th_odrate_of_Troyes	spouse	Odo_of_France
Berthold_Duke_of_Merania	spouse	Agnes_of_Rochlitz
Christina_of_Salm	spouse	Francis_II_Duke_of_Lorraine
Beatrice_of_Portugal	spouse	John_I_of_Castile
Theobald_I_Count_of_Blois	spouse	Luitgarde_of_Vermandois
Margaret_II_Countess_of_Flanders	spouse	Bouchard_IV_of_Avesnes
Christina_of_Denmark	spouse	Francis_I_Duke_of_Lorraine
Henry_I_of_England	spouse	Matilda_of_Scotland
Charles_Count_of_Angoul_me	spouse	Louise_of_Savoy
Beatrice_of_Portugal_Duchess_of_Savoy	spouse	Charles_III_Duke_of_Savoy
Frederick_II_Margrave_of_Meissen	spouse	Matilda_of_Bavaria_Margravine_of_Meissen
Louis_X_of_France	spouse	Clementia_of_Hungary
Countess_Palatine_Dorothea_Sophie_of_Neuburg	spouse	Francesco_Farnese_Duke_of_Parma
Charles_Martel	spouse	Rotrude_of_Hesbaye
Thomas_Holland_2nd_Earl_of_Kent	spouse	Alice_Holland_Countess_of_Kent
Yolanda_Latin_Empress	spouse	Peter_II_of_Courtenay
John_I_Duke_of_Brabant	spouse	Margaret_of_Flanders_Duchess_of_Brabant
Yolande_of_Dreux_Queen_of_Scotland	spouse	Arthur_II_Duke_of_Brittany
Joan_I_Countess_of_Auvergne	spouse	Philip_I_Count_of_Auvergne
Hortense_de_Beauharnais	spouse	Louis_Bonaparte
Philip_III_of_Spain	spouse	Margaret_of_Austria_Queen_of_Spain
Princess_Marie_Isabelle_of_Orl_ans	spouse	Prince_Philippe_Count_of_Paris
Ingegerd_Olofsdotter_of_Sweden	spouse	Vladimir_the_Great
Urraca_of_Castile_Queen_of_Portugal	spouse	Afonso_II_of_Portugal
Hugh_the_Great	spouse	Eadhild
John_Count_of_Chalon	spouse	Hugh_III_Duke_of_Burgundy
Robert_III_of_Worms	spouse	Waldrada_of_Worms
Agnes_of_Burgundy_Duchess_of_Aquitaine	spouse	William_V_Duke_of_Aquitaine
Mary_of_Waltham	spouse	John_IV_Duke_of_Brittany
Mary_of_Hungary_Queen_of_Naples	spouse	Charles_II_of_Naples
Elisabeth_of_Carinthia_Queen_of_the_Romans	spouse	Albert_I_of_Germany
Gaston_IV_Count_of_Foix	spouse	Eleanor_of_Navarre
Alexandre_de_Beauharnais	spouse	Empress_Jos_phine
Louis_the_Pious	spouse	Judith_of_Bavaria_died_843
Marie_of_Luxembourg_Countess_of_Vend_me	spouse	Jacques_of_Savoy_Count_of_Romont
Anne_Christine_of_Sulzbach_Princess_of_Piedmont	spouse	Charles_Emmanuel_III_of_Sardinia
Antoine_Duke_of_Montpensier	spouse	Infanta_Luisa_Fernanda_Duchess_of_Montpensier
Bertrade_of_Montfort	spouse	Philip_I_of_France
Bertrade_of_Montfort	spouse	Fulk_IV_Count_of_Anjou
Beatrice_of_Navarre_Duchess_of_Burgundy	spouse	Hugh_IV_Duke_of_Burgundy
Caterina_Sforza	spouse	Giovanni_il_Popolano
John_II_of_France	spouse	Bonne_of_Luxembourg
Maria_Carolina_of_Austria	spouse	Ferdinand_I_of_the_Two_Sicilies
Adolph_I_Duke_of_Cleves	spouse	Mary_of_Burgundy_Duchess_of_Cleves
Lucia_Migliaccio	spouse	Ferdinand_I_of_the_Two_Sicilies
Anne_of_Kiev	spouse	Henry_I_of_France
Vladislaus_II_of_Hungary	spouse	Anne_of_Foix_Candale
Eleanor_of_Lancaster	spouse	John_de_Beaumont_2nd_Baron_Beaumont
Blanche_of_Lancaster	spouse	John_of_Gaunt
Carlo_Buonaparte	spouse	Letizia_Bonaparte
Catherine_of_Anhalt_Bernburg	spouse	Magnus_II_Duke_of_Brunswic_L_neburg
Ogive_of_Luxembourg	spouse	Baldwin_IV_Count_of_Flanders
Peter_I_of_Portugal	spouse	In_s_de_Castro
Lorenzo_the_Elder	spouse	Ginevra_Cavalcanti
Antoine_of_Navarre	spouse	Jeanne_d_Albret
Mary_of_Guise	spouse	Louis_II_d_Orl_ans_Duke_of_Longueville
Augustus_III_of_Poland	spouse	Maria_Josepha_of_Austria
Louis_Rudolph_Duke_of_Brunswic_L_neburg	spouse	Princess_Christine_Louise_of_Oettinge_Oettingen
Napoleon_III	spouse	Eug_nie_de_Montijo
Wulfhilde_of_Saxony	spouse	Henry_IX_Duke_of_Bavaria
Odo_II_Count_of_Blois	spouse	Maud_of_Normandy
Leopold_III_Duke_of_Austria	spouse	Viridis_Visconti
Joseph_I_Holy_Roman_Emperor	spouse	Wilhelmine_Amalie_of_Brunswick
Beatrice_Regina_della_Scala	spouse	Bernab__Visconti
Fran_oise_Marie_de_Bourbon	spouse	Philippe_II_Duke_of_Orl_ans
John_II_Duke_of_Bourbon	spouse	Jeanne_de_Bourbon_Duchess_of_Bourbon
Louis_Philippe_I	spouse	Maria_Amalia_of_Naples_and_Sicily
Philip_V_of_France	spouse	Joan_II_Countess_of_Burgundy
Louis_III_Landgrave_of_Thuringia	spouse	Sophia_of_Minsk
Joan_of_Ponthieu_Dame_of_Epernon	spouse	John_VI_of_Vend_me
Matthew_I_of_Montmorency	spouse	Adelaide_of_Maurienne
Matilda_of_Ringelheim	spouse	Henry_the_Fowler
Frederick_Louis_Hereditary_Grand_Duke_of_Mecklenburg_Schwerin	spouse	Princess_Caroline_Louise_of_Saxe_Weimar_Eisenach
Anna_of_Holstei_Gottorp	spouse	Enno_III_Count_of_East_Frisia
Ramon_Berenguer_I_Count_of_Barcelona	spouse	Almodis_de_la_Marche
Maximilian_II_Holy_Roman_Emperor	spouse	Maria_of_Austria_Holy_Roman_Empress
Marie_of_Anjou	spouse	Charles_VII_of_France
Edmund_Tudor_1st_Earl_of_Richmond	spouse	Lady_Margaret_Beaufort
Henry_II_Duke_of_Brabant	spouse	Sophie_of_Thuringia_Duchess_of_Brabant
Victor_Amadeus_I_Duke_of_Savoy	spouse	Christine_of_France
Antoine_Duke_of_Lorraine	spouse	Ren_e_of_Bourbon
Maria_of_Swabia	spouse	Henry_II_Duke_of_Brabant
Sibylla_of_Anjou	spouse	Thierry_Count_of_Flanders
Anne_Gonzaga	spouse	Edward_Count_Palatine_of_Simmern
Louis_II_of_Anjou	spouse	Yolande_of_Aragon
Charles_Count_of_Angoul_me	spouse	Louise_of_Savoy
Ingegerd_Olofsdotter_of_Sweden	spouse	Vladimir_the_Great
Philip_V_of_Spain	spouse	Elisabeth_Farnese
Odo_I_Count_of_Blois	spouse	Bertha_of_Burgundy
Charles_Martel	spouse	Rotrude_of_Hesbaye
Francis_II_Duke_of_Brittany	spouse	Margaret_of_Foix
Pepin_the_Short	spouse	Bertrada_of_Laon
Louis_XI	spouse	Charlotte_of_Savoy
Louis_III_Landgrave_of_Thuringia	spouse	Sophia_of_Minsk
Berthold_Duke_of_Merania	spouse	Agnes_of_Rochlitz
Carlo_Buonaparte	spouse	Letizia_Bonaparte
Theobald_I_Count_of_Blois	spouse	Luitgarde_of_Vermandois
Charles_IV_of_Spain	spouse	Maria_Luisa_of_Parma
Matthew_I_of_Montmorency	spouse	Adelaide_of_Maurienne
Charles_Duke_of_Orl_ans	spouse	Isabella_of_Valois_Duchess_of_Bourbon
Charles_V_Holy_Roman_Emperor	spouse	Isabella_of_Portugal_Queen_of_Castile
Henry_II_of_England	spouse	Eleanor_of_Aquitaine
Maximilian_I_Holy_Roman_Emperor	spouse	Mary_of_Burgundy_Duchess_of_Cleves
Berengar_II_of_Italy	spouse	Willa_of_Tuscany
Margaret_II_Countess_of_Flanders	spouse	Bouchard_IV_of_Avesnes
Lorenzo_the_Elder	spouse	Ginevra_Cavalcanti
Marie_de_Medici	spouse	Henry_IV_of_France
Beatrice_of_Portugal_died_1381	spouse	John_I_of_Castile
Mary_of_Guise	spouse	Louis_II_d_Orl_ans_Duke_of_Longueville
Gertrude_of_Saxony	spouse	Robert_I_Count_of_Flanders
Vladimir_the_Great	spouse	Rogneda_of_Polotsk
Th_odrate_of_Troyes	spouse	Odo_of_France
Rozala_of_Italy	spouse	Robert_II_of_France
Carlo_Buonaparte	spouse	Letizia_Bonaparte
Maria_Amalia_of_Saxony	spouse	Philip_V_of_Spain
Hortense_de_Beauharnais	spouse	Louis_Bonaparte
Matilda_of_France	spouse	Conrad_I_of_Burgundy
Charles_Martel	spouse	Rotrude_of_Hesbaye
Margaret_of_Valois	spouse	Henry_IV_of_France
Isabella_of_Valois_Duchess_of_Bourbon	spouse	Charles_Duke_of_Orl_ans
Anna_of_Holstei_Gottorp	spouse	Enno_III_Count_of_East_Frisia
Louis_Philippe_I_Duke_of_Orl_ans	spouse	Maria_Amalia_of_Naples_and_Sicily
Isabella_of_Portugal_Queen_of_Castile	spouse	Charles_V_Holy_Roman_Emperor
Mary_of_Burgundy_Duchess_of_Cleves	spouse	Maximilian_I_Holy_Roman_Emperor
Sibylla_of_Anjou	spouse	Thierry_Count_of_Flanders
Charlemagne	spouse	Hildegard_of_the_Vinzgau
Waldrada_of_Worms	spouse	Conrad_II_Duke_of_Transjurane_Burgundy
Eleanor_of_Aragon_Queen_of_Portugal	spouse	Edward_King_of_Portugal
Margaret_of_Joinville	spouse	Frederick_I_Count_of_Vaud_mont
Matilda_of_Saxony_countess_of_Flanders	spouse	Baldwin_III_Count_of_Flanders
Adele_of_Vermandois	spouse	Arnulf_I_Count_of_Flanders
Judith_of_Flanders	spouse	Baldwin_I_Margrave_of_Flanders
Adela_of_France	spouse	Baldwin_V_Count_of_Flanders
Alice_of_Namur	spouse	Baldwin_IV_Count_of_Hainaut
Matilda_of_France	spouse	Conrad_I_of_Burgundy
Ansgarde_of_Burgundy	spouse	Louis_the_Stammerer
Joan_of_Ponthieu_Dame_of_Epernon	spouse	John_VI_of_Vend_me
Countess_Amalia_Katharina_of_Waldeck	spouse	George_Louis_I_Count_of_Erbach_Erbach
Catherine_de_Medici	spouse	Henry_II_of_France
Eilika_of_Schweinfurt	spouse	Bernard_II_Duke_of_Saxony
Maria_of_Swabia	spouse	Henry_II_Duke_of_Brabant
Blanche_of_Lancaster	spouse	John_of_Gaunt
Judith_of_Flanders_died_1095	spouse	Welf_I_Duke_of_Bavaria
Anna_of_Nassau_Dillenburg	spouse	Otto_V_Duke_of_Brunswic_L_neburg
Beatrice_of_Vermandois	spouse	Robert_I_of_France
Joan_of_Geneva	spouse	Amadeus_II_Count_of_Savoy
Margaret_II_Countess_of_Flanders	spouse	Bouchard_IV_of_Avesnes
Hedwig_of_Bavaria	spouse	Welf_father_of_Judith
Gisela_of_Swabia	spouse	Brun_I_Count_of_Brunswick
Alfonsina_Orsini	spouse	Piero_the_Unfortunate
Louise_Marie_Ad_la_de_de_Bourbon_Duchess_of_Orl_ans	spouse	Louis_Philippe_II_Duke_of_Orl_ans
Sibylla_of_Anjou	spouse	Thierry_Count_of_Flanders
Anne_of_Bohemia_and_Hungary	spouse	Ferdinand_I_Holy_Roman_Emperor
Margaret_of_Savoy_Countess_of_Saint_Pol	spouse	Peter_II_Count_of_Saint_Pol
Margaret_Boswell	spouse	John_Stewart_1st_Earl_of_Lennox
Isabella_de_Beauchamp	spouse	Patrick_de_Chaworth_Lord_of_Kidwelly
Adelaide_Countess_of_Burgundy	spouse	Hugh_Count_of_Burgundy
Gerberga_of_M_con	spouse	Adalbert_of_Italy
Marie_of_Brabant_Queen_of_France	spouse	Philip_III_of_France
Ermengarde_of_Auvergne	spouse	Odo_II_Count_of_Blois
Richende_De_Bourges	spouse	Theobald_the_Elder
Kunigunde_of_Altdorf	spouse	Albert_Azzo_II_Margrave_of_Milan
Agnes_of_Burgundy_Duchess_of_Aquitaine	spouse	William_V_Duke_of_Aquitaine
Matilda_of_Ringelheim	spouse	Henry_the_Fowler
Bertha_daughter_of_Lothair_II	spouse	Theobald_of_Arles
Maria_Theresa	spouse	Francis_I_Holy_Roman_Emperor
Isabeau_of_Bavaria	spouse	Charles_VI_of_France
Beatrice_of_Savoy	spouse	Ramon_Berenguer_IV_Count_of_Provence
Anne_of_Cyprus	spouse	Louis_Duke_of_Savoy
Begga	spouse	Ansegisel
Marie_de_Ch_tillon_1323_1363	spouse	Rudolph_Duke_of_Lorraine
Christina_of_Denmark	spouse	Francis_I_Duke_of_Lorraine
Elizabeth_of_Portugal	spouse	Denis_of_Portugal
Fran_oise_Marie_de_Bourbon	spouse	Philippe_II_Duke_of_Orl_ans
Eleanor_of_Aragon_Queen_of_Castile	spouse	John_I_of_Castile
Teresa_Louren_o	spouse	Peter_I_of_Portugal
Maria_Theresa_of_Naples_and_Sicily	spouse	Francis_II_Holy_Roman_Emperor
Maria_Theresa_of_Spain	spouse	Louis_XIV
Margaret_of_Bar	spouse	Henry_V_Count_of_Luxembourg
Elizabeth_of_York	spouse	Henry_VII_of_England
Mary_of_Hungary_Queen_of_Naples	spouse	Charles_II_of_Naples
Marie_de_Medici	spouse	Henry_IV_of_France
Countess_Palatine_Caroline_of_Zweibr_cken	spouse	Louis_IX_Landgrave_of_Hesse_Darmstadt
Alpaida	spouse	Pepin_of_Herstal
Joanna_of_Bourbon	spouse	Charles_V_of_France
Elizabeth_the_Cuman	spouse	Stephen_V_of_Hungary
Yolanda_Latin_Empress	spouse	Peter_II_of_Courtenay
Eleanor_of_Portugal_Holy_Roman_Empress	spouse	Frederick_III_Holy_Roman_Emperor
Mary_of_Burgundy_Duchess_of_Savoy	spouse	Amadeus_VIII_Duke_of_Savoy
Margaret_of_Baux	spouse	Peter_I_Count_of_Saint_Pol
Sancha_of_Castile_Queen_of_Aragon	spouse	Alfonso_II_of_Aragon
Marie_of_Anjou	spouse	Charles_VII_of_France
Constance_of_Castile	spouse	Louis_VII_of_France
Anabella_Drummond	spouse	Robert_III_of_Scotland
_lisabeth_Charlotte_d_Orl_ans	spouse	Leopold_Duke_of_Lorraine
Marie_of_Blois_Duchess_of_Anjou	spouse	Louis_I_of_Anjou
Elizabeth_of_Austria_1436_1505	spouse	Casimir_IV_Jagiellon
Margaret_III_Countess_of_Flanders	spouse	Philip_the_Bold
Juana_Manuel	spouse	Henry_II_of_Castile
Maria_Carolina_of_Austria	spouse	Ferdinand_I_of_the_Two_Sicilies
Adelaide_of_Aquitaine	spouse	Hugh_Capet
Ermengarde_of_Hesbaye	spouse	Louis_the_Pious
Sophia_Dorothea_of_Celle	spouse	George_I_of_Great_Britain
Agnes_de_Baudemont_Countess_of_Braine	spouse	Robert_I_Count_of_Dreux
Catherine_of_Mayenne	spouse	Charles_I_Gonzaga_Duke_of_Mantua
Mary_de_Bohun	spouse	Henry_IV_of_England
Beatrice_of_Portugal_Duchess_of_Savoy	spouse	Charles_III_Duke_of_Savoy
Adelaide_of_Burgundy_Duchess_of_Brabant	spouse	Henry_III_Duke_of_Brabant
Conrad_II_Duke_of_Transjurane_Burgundy	spouse	Waldrada_of_Worms
Edward_King_of_Portugal	spouse	Eleanor_of_Aragon_Queen_of_Portugal
Richard_Fitzalan_3rd_Earl_of_Arundel	spouse	Eleanor_of_Lancaster
Philip_III_of_Spain	spouse	Margaret_of_Austria_Queen_of_Spain
Frederick_I_Count_of_Vaud_mont	spouse	Margaret_of_Joinville
Arnulf_I_Count_of_Flanders	spouse	Adele_of_Vermandois
Baldwin_VI_Count_of_Flanders	spouse	Richilde_Countess_of_Hainaut
Baldwin_I_Margrave_of_Flanders	spouse	Judith_of_Flanders
Baldwin_V_Count_of_Flanders	spouse	Adela_of_France
Gaston_IV_Count_of_Foix	spouse	Eleanor_of_Navarre
Philip_V_of_Spain	spouse	Elisabeth_Farnese
George_Louis_I_Count_of_Erbach_Erbach	spouse	Countess_Amalia_Katharina_of_Waldeck
Edward_II_of_England	spouse	Isabella_of_France
Leopold_III_Duke_of_Austria	spouse	Viridis_Visconti
Henry_the_Middle_Duke_of_Brunswic_L_neburg	spouse	Margaret_of_Saxony_Duchess_of_Brunswic_L_neburg
Henry_II_of_France	spouse	Catherine_de_Medici
Bernard_II_Duke_of_Saxony	spouse	Eilika_of_Schweinfurt
Welf_I_Duke_of_Bavaria	spouse	Judith_of_Flanders_died_1095
Robert_I_of_France	spouse	Beatrice_of_Vermandois
Amadeus_II_Count_of_Savoy	spouse	Joan_of_Geneva
John_Constable_of_Portugal	spouse	Isabel_of_Barcelos
Louis_X_of_France	spouse	Clementia_of_Hungary
Welf_father_of_Judith	spouse	Hedwig_of_Bavaria
Brun_I_Count_of_Brunswick	spouse	Gisela_of_Swabia
Charles_X	spouse	Maria_Theresa_of_Savoy
Albert_Frederick_Duke_of_Prussia	spouse	Marie_Eleonore_of_Cleves
Magnus_I_Duke_of_Brunswic_L_neburg	spouse	Sophia_of_Brandenburg
Thomas_Holland_2nd_Earl_of_Kent	spouse	Alice_Holland_Countess_of_Kent
James_I_of_Scotland	spouse	Joan_Beaufort_Queen_of_Scots
Humphrey_de_Bohun_7th_Earl_of_Hereford	spouse	Joan_Fitzalan_Countess_of_Hereford
John_Stewart_1st_Earl_of_Lennox	spouse	Margaret_Boswell
Patrick_de_Chaworth_Lord_of_Kidwelly	spouse	Isabella_de_Beauchamp
Theobald_I_Count_of_Blois	spouse	Luitgarde_of_Vermandois
Hugh_Count_of_Burgundy	spouse	Adelaide_Countess_of_Burgundy
Adalbert_of_Italy	spouse	Gerberga_of_M_con
Philip_III_of_France	spouse	Marie_of_Brabant_Queen_of_France
John_II_of_France	spouse	Bonne_of_Luxembourg
Ramon_Berenguer_I_Count_of_Barcelona	spouse	Almodis_de_la_Marche
Odo_II_Count_of_Blois	spouse	Ermengarde_of_Auvergne
Theobald_the_Elder	spouse	Richende_De_Bourges
William_IV_Duke_of_Aquitaine	spouse	Emma_of_Blois
Francis_II_Duke_of_Brittany	spouse	Margaret_of_Foix
Louis_Rudolph_Duke_of_Brunswic_L_neburg	spouse	Princess_Christine_Louise_of_Oettinge_Oettingen
Theobald_of_Arles	spouse	Bertha_daughter_of_Lothair_II
Charles_VI_of_France	spouse	Isabeau_of_Bavaria
Ramon_Berenguer_IV_Count_of_Provence	spouse	Beatrice_of_Savoy
Victor_Amadeus_I_Duke_of_Savoy	spouse	Christine_of_France
Louis_Duke_of_Savoy	spouse	Anne_of_Cyprus
Frederick_V_Burgrave_of_Nuremberg	spouse	Elisabeth_of_Meissen
Francis_Count_of_Vend_me	spouse	Marie_of_Luxembourg_Countess_of_Vend_me
Ansegisel	spouse	Begga
Louis_Duke_of_Orl_ans_1703_1752	spouse	Auguste_of_Bade_Baden
John_IV_Duke_of_Brittany	spouse	Joan_of_Navarre_Queen_of_England
Denis_of_Portugal	spouse	Elizabeth_of_Portugal
Berengar_II_of_Italy	spouse	Willa_of_Tuscany
Peter_I_of_Portugal	spouse	Teresa_Louren_o
Francis_II_Holy_Roman_Emperor	spouse	Maria_Theresa_of_Naples_and_Sicily
Henry_V_Count_of_Luxembourg	spouse	Margaret_of_Bar
George_Duke_of_Brunswic_Calenberg	spouse	Anna_Eleonore_of_Hesse_Darmstadt
Pepin_of_Herstal	spouse	Alpaida
Stephen_V_of_Hungary	spouse	Elizabeth_the_Cuman
Wenceslaus_II_of_Bohemia	spouse	Judith_of_Habsburg
Henry_II_of_England	spouse	Eleanor_of_Aquitaine
Matthew_Stewart_4th_Earl_of_Lennox	spouse	Margaret_Douglas
Edward_the_Elder	spouse	_lffl_d_wife_of_Edward_the_Elder
Charles_IV_of_Spain	spouse	Maria_Luisa_of_Parma
Antoine_Duke_of_Montpensier	spouse	Infanta_Luisa_Fernanda_Duchess_of_Montpensier
Amadeus_VIII_Duke_of_Savoy	spouse	Mary_of_Burgundy_Duchess_of_Savoy
Augustus_III_of_Poland	spouse	Maria_Josepha_of_Austria
Victor_Amadeus_II_of_Sardinia	spouse	Anne_Marie_d_Orl_ans
Frederick_Louis_Hereditary_Grand_Duke_of_Mecklenburg_Schwerin	spouse	Princess_Caroline_Louise_of_Saxe_Weimar_Eisenach
Peter_I_Count_of_Saint_Pol	spouse	Margaret_of_Baux
Alfonso_II_of_Aragon	spouse	Sancha_of_Castile_Queen_of_Aragon
Antoine_Duke_of_Lorraine	spouse	Ren_e_of_Bourbon
Louis_VII_of_France	spouse	Adela_of_Champagne
Louis_VII_of_France	spouse	Constance_of_Castile
Frederick_II_Margrave_of_Meissen	spouse	Matilda_of_Bavaria_Margravine_of_Meissen
Vladislaus_II_of_Hungary	spouse	Anne_of_Foix_Candale
Charles_Martel	spouse	Rotrude_of_Hesbaye
Charles_III_Duke_of_Lorraine	spouse	Claude_of_France_1547_1575
Antoine_of_Navarre	spouse	Jeanne_d_Albret
Gaston_de_Foix_Count_of_Candale	spouse	Catherine_of_Foix_Countess_of_Candale
Joseph_I_Holy_Roman_Emperor	spouse	Wilhelmine_Amalie_of_Brunswick
Louis_I_of_Anjou	spouse	Marie_of_Blois_Duchess_of_Anjou
Casimir_IV_Jagiellon	spouse	Elizabeth_of_Austria_1436_1505
Adolph_I_Duke_of_Cleves	spouse	Mary_of_Burgundy_Duchess_of_Cleves
Philip_the_Bold	spouse	Margaret_III_Countess_of_Flanders
Edward_I_of_England	spouse	Eleanor_of_Castile
Hugh_Capet	spouse	Adelaide_of_Aquitaine
Louis_the_Pious	spouse	Judith_of_Bavaria_died_843
George_I_of_Great_Britain	spouse	Sophia_Dorothea_of_Celle
Robert_I_Count_of_Dreux	spouse	Agnes_de_Baudemont_Countess_of_Braine
Charles_I_Gonzaga_Duke_of_Mantua	spouse	Catherine_of_Mayenne
Henry_X_Duke_of_Bavaria	spouse	Gertrude_of_S_pplingenburg
John_I_of_Portugal	spouse	Philippa_of_Lancaster
Henry_IV_of_England	spouse	Mary_de_Bohun
Afonso_IV_of_Portugal	spouse	Beatrice_of_Castile_1293_1359
A_nor_of_Ch_tellerault	spouse	William_X_Duke_of_Aquitaine
Adelaide	spouse	Richard_Duke_of_Burgundy
Adolf_Frederick_I	spouse	Anna_Maria_of_Ostfriesland
Afonso_III	spouse	Matilda_II_Countess_of_Boulogne
Afonso_III	spouse	Beatrice_of_Castile_1242_1303
Afonso_II	spouse	Urraca_of_Castile_Queen_of_Portugal
Afonso_I	spouse	Matilda_of_Savoy_Queen_of_Portugal
Agatha	spouse	Edward_the_Exile
Agnes_of_Burgundy	spouse	Charles_I_Duke_of_Bourbon
Agnes_of_France	spouse	Robert_II_Duke_of_Burgundy
Albert_Azzo_II,_Margrave_of_Milan	spouse	Kunigunde_of_Altdorf
Albert_Azzo_I,_Margrave_of_Milan	spouse	Adela_of_Milan
Albert_II	spouse	Joanna_of_Pfirt
Albert_II	spouse	Rixa_of_Werle
Albert_I	spouse	Elisabeth_of_Carinthia_Queen_of_the_Romans
Alfonso_II	spouse	Garsenda_Countess_of_Forcalquier
Alfonso_IX	spouse	Theresa_of_Portugal_Queen_of_Le_n
Alfonso_IX	spouse	Berengaria_of_Castile
Alfonso_VIII	spouse	Eleanor_of_England_Queen_of_Castile
Alfonso_VII	spouse	Berengaria_of_Barcelona
Alfonso_XI	spouse	Constanza_Manuel
Alfonso_XI	spouse	Maria_of_Portugal_Queen_of_Castile
Alfonso_XI	spouse	Eleanor_de_Guzm_n
Alfonso_X	spouse	Violant_of_Aragon
Alice_Holland	spouse	Thomas_Holland_2nd_Earl_of_Kent
Alys	spouse	William_IV_Count_of_Ponthieu
Anna_Maria_of_East_Frisia	spouse	Adolphus_Frederick_I_Duke_of_Mecklenburg_Schwerin
Anne	spouse	Louis_XII
Anne	spouse	Maximilian_I_Holy_Roman_Emperor
Anne	spouse	Charles_VIII_of_France
Antoine,_Count_of_Vaud_mont	spouse	Marie_Countess_of_Harcourt
Anna_of_Austria	spouse	Albert_V_Duke_of_Bavaria
Maria_Clementina_of_Austria	spouse	Francis_I_of_the_Two_Sicilies
Archduchess_Maria_Theresa	spouse	Henri_Count_of_Chambord
Arnulf	spouse	Lutgardis_of_Luxemburg
Arnulf_II	spouse	Rozala_of_Italy
Arthur_II	spouse	Yolande_of_Dreux_Queen_of_Scotland
Baldwin_III,_Count_of_Flanders	spouse	Matilda_of_Saxony_countess_of_Flanders
Baldwin_II	spouse	Ida_Countess_of_Hainaut
Baldwin_II	spouse	_lfthryth_Countess_of_Flanders
Baldwin_IV	spouse	Ogive_of_Luxembourg
Baldwin_IV	spouse	Alice_of_Namur
Baldwin_V,_Count_of_Hainaut	spouse	Margaret_I_Countess_of_Flanders
Benedicta_Henrietta_of_Hanover	spouse	John_Frederick_Duke_of_Brunswic_Calenberg
Berthold_II	spouse	Sophia_of_Istria
Blanche_of_Navarre	spouse	Philip_VI_of_France
Catherine_de_Foix	spouse	Gaston_de_Foix_Count_of_Candale
Charles	spouse	Catherine_I_Latin_Empress
Charles	spouse	Margaret_Countess_of_Anjou
Charles	spouse	Mahaut_of_Ch_tillon
Charles	spouse	Isabella_of_Valois
Charles	spouse	Marie_of_Cleves_Duchess_of_Orl_ans
Charles	spouse	Fran_oise_d_Alen_on
Charles_Emmanuel_III	spouse	Polyxena_of_Hesse_Rotenburg
Charles_Emmanuel_III	spouse	Anne_Christine_of_Sulzbach_Princess_of_Piedmont
Charles_Emmanuel_II	spouse	Marie_Jeanne_Baptiste_of_Savoy_Nemours
Charles_Emmanuel_II	spouse	Fran_oise_Madeleine_d_Orl_ans
Charles_Emmanuel_I	spouse	Catalina_Micaela_of_Spain
Charles_Ferdinand	spouse	Marie_Caroline_of_Bourbo_Two_Sicilies_Duchess_of_Berry
Charles_III	spouse	Beatrice_of_Portugal_Duchess_of_Savoy
Charles_IV	spouse	Blanche_of_Burgundy
Charles_IV	spouse	Marie_of_Luxembourg_Queen_of_France
Charles_IV	spouse	Joan_of__vreux
Charles_IX	spouse	Elisabeth_of_Austria_Queen_of_France
Charles_VIII	spouse	Anne_of_Brittany
Charles_VII	spouse	Marie_of_Anjou
Charles_V_of_Lorraine	spouse	Eleonore_of_Austria_Queen_of_Poland
Charles_V	spouse	Isabella_of_Portugal
Charles_V	spouse	Joanna_of_Bourbon
Charlotte_of_Bourbon	spouse	Janus_of_Cyprus
Christina_of_Saxony	spouse	Philip_I_Landgrave_of_Hesse
Conrad_I	spouse	Matilda_of_France
Cosimo_I_de__Medici	spouse	Eleanor_of_Toledo
Cosimo_di_Giovanni_de__Medici	spouse	Contessina_de_Bardi
Caroline_of_Nassau_Saarbr_cken	spouse	Christian_III_Count_Palatine_of_Zweibr_cken
Dorothea_Sophie	spouse	Odoardo_Farnese_Hereditary_Prince_of_Parma
Sophia_Albertine,_Countess_of_Erbach_Erbach	spouse	Ernest_Frederick_I_Duke_of_Saxe_Hildburghausen
Helene_of_Mecklenburg_Schwerin	spouse	Ferdinand_Philippe_Duke_of_Orl_ans
Edward_III	spouse	Philippa_of_Hainault
Eleanor_of_England	spouse	Alfonso_VIII_of_Castile
Eleanor	spouse	Gaston_IV_Count_of_Foix
Elisabeth_Christine_of_Brunswick	spouse	Charles_VI_Holy_Roman_Emperor
Elisabeth_of_Austria	spouse	Charles_IX_of_France
Elisabeth_of_France	spouse	Philip_IV_of_Spain
Elizabeth_Gordon,_Countess_of_Huntly	spouse	George_Gordon_4th_Earl_of_Huntly
Emmanuel_Philibert	spouse	Margaret_of_Valois_Duchess_of_Berry
Jos_phine	spouse	Alexandre_de_Beauharnais
Ermengarde,_Countess_of_Maine	spouse	Fulk_King_of_Jerusalem
Ermengarde_of_Anjou	spouse	Geoffrey_II_Count_of_G_tinais
Ernest_Augustus	spouse	Sophia_of_Hanover
Ernest_II	spouse	Cymburgis_of_Masovia
Ferdinand_III	spouse	Elisabeth_of_Swabia
Ferdinand_III	spouse	Joan_Countess_of_Ponthieu
Ferdinand_II	spouse	Isabella_I_of_Castile
Ferdinand_II	spouse	Germaine_of_Foix
Ferdinand_II_of_Le_n_and_Galicia	spouse	Urraca_of_Portugal
Ferdinand_II_of_Le_n_and_Galicia	spouse	Teresa_Fern_ndez_de_Traba
Ferdinand_II_of_Le_n_and_Galicia	spouse	Urraca_L_pez_de_Haro
Ferdinand_IV	spouse	Constance_of_Portugal
Ferdinand_I	spouse	Anne_of_Bohemia_and_Hungary
Ferdinand_I	spouse	Maria_Carolina_of_Austria
Ferdinand_I	spouse	Lucia_Migliaccio
Archduke_Ferdinand	spouse	Maria_Beatrice_d_Este_Duchess_of_Massa
Ferdinand_Philippe	spouse	Duchess_Helene_of_Mecklenburg_Schwerin
Floris_I	spouse	Gertrude_of_Saxony
Fran_oise_Ath_na_s_de_Rochechouart_de_Mortemart	spouse	Louis_XIV
Fran_oise_Ath_na_s_de_Rochechouart_de_Mortemart	spouse	Louis_Henri_de_Pardaillan_de_Gondrin
Madame_de_Montespan	spouse	Louis_XIV
Madame_de_Montespan	spouse	Louis_Henri_de_Pardaillan_de_Gondrin
Fran_oise_d_Aubign_	spouse	Paul_Scarron
Fran_oise_d_Aubign_	spouse	Louis_XIV
Francesco_I_de__Medici	spouse	Bianca_Cappello
Francis_II	spouse	Margaret_of_Brittany
Francis_II	spouse	Christina_of_Salm
Francis_IV	spouse	Maria_Beatrice_of_Savoy
Francis_I	spouse	Christina_of_Denmark
Francis_I	spouse	Maria_Theresa
Frederick_III	spouse	Theobald_I_of_Navarre
Frederick_III	spouse	Eleanor_of_Portugal_Holy_Roman_Empress
Frederick_II,_Count_of_Vaud_mont	spouse	Yolande_Duchess_of_Lorraine
Frederick_IV	spouse	Elisabeth_of_Austria_Duchess_of_Lorraine
Frederick	spouse	Princess_Augusta_of_Saxe_Gotha
Fulk_IV	spouse	Bertrade_of_Montfort
Fulk_(V)	spouse	Ermengarde_Countess_of_Maine
Geoffrey_Plantagenet	spouse	Empress_Matilda
George_II	spouse	Caroline_of_Ansbach
Ludovico_di_Giovanni_de__Medici	spouse	Maria_Salviati
Giovanni_de__Medici	spouse	Piccarda_Bueri
Giovanni_de__Medici_il_Popolano	spouse	Caterina_Sforza
Godfrey_I	spouse	Otto_II_Count_of_Chiny
Godfrey_I	spouse	Clementia_of_Burgundy
Emma_of_Altdorf	spouse	Louis_the_German
Prince_Henri	spouse	Archduchess_Maria_Theresa_of_Austria_Este_1817_1886
Henry_III	spouse	Adelaide_of_Burgundy_Duchess_of_Brabant
Henry_III	spouse	Eleanor_of_Provence
Henry_III	spouse	Louise_of_Lorraine
Henry_II	spouse	Maria_of_Swabia
Henry_IV	spouse	Joan_of_Navarre_Queen_of_England
Henry_IV	spouse	Marie_de_Medici
Henry_IV	spouse	Margaret_of_Valois
Henry_IX	spouse	Wulfhilde_of_Saxony
Henry_I,_Count_of_Champagne	spouse	Marie_of_France_Countess_of_Champagne
Henry_I	spouse	Marie_of_France_Duchess_of_Brabant
Henry_I	spouse	Matilda_of_Boulogne_Duchess_of_Brabant
Henry_I	spouse	Matilda_of_Frisia
Henry_I	spouse	Anne_of_Kiev
Henry_Stuart	spouse	Mary_Queen_of_Scots
Henry_VII	spouse	Margaret_of_Brabant
Henry_VII	spouse	Elizabeth_of_York
Henry_VI	spouse	Beatrice_of_Avesnes
Henry_V	spouse	Catherine_of_Valois
Henry_the_Middle	spouse	Anna_von_Campe
Hugh_III	spouse	Beatrice_of_Albon
Hugh_III	spouse	John_Count_of_Chalon
Hugh_IV	spouse	Beatrice_of_Navarre_Duchess_of_Burgundy
Hugh_IV	spouse	Yolande_of_Dreux_Duchess_of_Burgundy
Umberto_II	spouse	Gisela_of_Burgundy_Marchioness_of_Montferrat
Igor_the_Old	spouse	Olga_of_Kiev
Infanta_Luisa_Fernanda	spouse	Antoine_Duke_of_Montpensier
Ingeborg_of_Denmark	spouse	Philip_II_of_France
Ingegerd_Olofsdotter	spouse	Yaroslav_the_Wise
Isabel	spouse	John_Constable_of_Portugal
Isabella_I	spouse	Ferdinand_II_of_Aragon
Isabella_of_Aragon	spouse	Philip_III_of_France
James_Hepburn	spouse	Mary_Queen_of_Scots
James_III	spouse	Margaret_of_Denmark_Queen_of_Scotland
James_II	spouse	Mary_of_Guelders
James_I	spouse	Violant_of_Hungary
James_I	spouse	Eleanor_of_Castile_died_1244
James_I	spouse	Teresa_Gil_de_Vidaure
James_V	spouse	Mary_of_Guise
James_V	spouse	Madeleine_of_Valois
Jeanne_III	spouse	Antoine_of_Navarre
Jeanne_III	spouse	William_Duke_of_J_lich_Cleves_Berg
Jeanne_de_Bourbon	spouse	John_III_Count_of_Auvergne
Jeanne_de_Bourbon	spouse	John_II_Duke_of_Bourbon
Joan_Beaufort	spouse	James_I_of_Scotland
Joan	spouse	Ferdinand_III_of_Castile
Lady_Joan_FitzAlan	spouse	Humphrey_de_Bohun_7th_Earl_of_Hereford
Joan_III	spouse	Odo_IV_Duke_of_Burgundy
Joan_II	spouse	Philip_V_of_France
Joan_I	spouse	John_II_of_France
Joan_I	spouse	Philip_IV_of_France
Saint_Joan_of_Valois,_O.Ann.M.	spouse	Louis_XII
Joan_of_Valois	spouse	William_I_Count_of_Hainaut
Joanna_of_Austria	spouse	Francesco_I_de_Medici_Grand_Duke_of_Tuscany
Joanna_I	spouse	Philip_I_of_Castile
John	spouse	Hugh_de_Courtenay
John	spouse	Isabella_of_Angoul_me
John	spouse	Isabella_Countess_of_Gloucester
John_II	spouse	Philippa_of_Luxembourg
John_II	spouse	Juana_Enr_quez
John_II	spouse	Blanche_I_of_Navarre
John_II	spouse	Eleanor_of_Viseu
John_II	spouse	Joan_I_Countess_of_Auvergne
John_II	spouse	Beatrice_of_England
John_IV	spouse	Mary_of_Waltham
John,_Count_of_Hainaut	spouse	Adelaide_of_Holland
John_of_Bourbon	spouse	Catherine_of_Vend_me
John_I	spouse	Blanche_of_Navarre_Duchess_of_Brittany
John_I	spouse	Eberhard_II_Count_of_W_rttemberg
John_I	spouse	Eleanor_of_Aragon_Queen_of_Castile
John_I	spouse	Beatrice_of_Portugal
John_VIII	spouse	Isabelle_de_Beauvau
Johann_VII,_Duke_of_Mecklenburg	spouse	Sophia_of_Holstei_Gottorp
John_the_Blind	spouse	Beatrice_of_Bourbon_Queen_of_Bohemia
Judith_of_Bavaria	spouse	Louis_the_Pious
Lambert_I	spouse	Gerberga_of_Lower_Lorraine
Elisabeth_Amalie_of_Hesse_Darmstadt	spouse	Philip_William_Elector_Palatine
Leopold	spouse	_lisabeth_Charlotte_d_Orl_ans
Leopold_II	spouse	Maria_Luisa_of_Spain
Lorenzo_de__Medici	spouse	Clarice_Orsini
Lorenzo_di_Piero_de__Medici	spouse	Clarice_Orsini
Lorenzo_II_de__Medici	spouse	Madeleine_de_La_Tour_d_Auvergne
Lothair_II	spouse	Adelaide_of_Italy
Lothair	spouse	Emma_of_Italy
Louis_Antoine	spouse	Marie_Th_r_se_of_France
Louis_I	spouse	Hortense_de_Beauharnais
Louis_I	spouse	Ludmilla_of_Bohemia
Louis_I	spouse	Mary_of_Avesnes
Louis	spouse	Margaret_of_Artois
Louis	spouse	Marie__milie_de_Joly_de_Choin
Louis	spouse	Maria_Anna_Victoria_of_Bavaria
Louis	spouse	Marie_Ad_la_de_of_Savoy
Louis_II	spouse	Anna_of_Glogau
Louis_II	spouse	Matilda_of_Habsburg
Louis_IV	spouse	Beatrice_of_Silesia
Louis_IV	spouse	Margaret_II_Countess_of_Hainaut
Louis_IX	spouse	Margaret_of_Provence
Louis_I_of_Orl_ans	spouse	Valentina_Visconti_Duchess_of_Orl_ans
Louis_Philippe_Joseph_d_Orl_ans	spouse	Louise_Marie_Ad_la_de_de_Bourbon_Duchess_of_Orl_ans
Louis_VIII	spouse	Blanche_of_Castile
Louis_VI	spouse	Adelaide_of_Maurienne
Louis_VI	spouse	Lucienne_of_Rochefort
Louis_V	spouse	Adelaide_Blanche_of_Anjou
Louis_X	spouse	Margaret_of_Burgundy_Queen_of_France
Duchess_Magdalene_Sibylle_of_Prussia	spouse	John_George_I_Elector_of_Saxony
Magnus_II	spouse	Catherine_of_Anhalt_Bernburg
Mahaut_of_Artois	spouse	Otto_IV_Count_of_Burgundy
Maria_Isabella	spouse	Francis_I_of_the_Two_Sicilies
Margaret	spouse	Charles_Count_of_Valois
Lady_Margaret_Douglas	spouse	Matthew_Stewart_4th_Earl_of_Lennox
Margaret_Holland	spouse	John_Beaufort_1st_Earl_of_Somerset
Margaret_I	spouse	Baldwin_V_Count_of_Hainaut
Margaret_of_Scotland	spouse	Louis_XI
Margaret_of_Austria	spouse	Philip_III_of_Spain
Margaret_of_Bourbon	spouse	Philip_II_Duke_of_Savoy
Margaret_of_Burgundy	spouse	Kingdom_of_Navarre
Margaret_of_Burgundy	spouse	Louis_X_of_France
Margaret_of_Flanders,_Duchess_of_Brabant	spouse	John_I_Duke_of_Brabant
Margaret_of_Savoy	spouse	John_IV_Marquis_of_Montferrat
Maria_Anna_of_Bavaria	spouse	Charles_II_Archduke_of_Austria
Maria_Beatrice_d_Este	spouse	Ferdinand_Karl_Archduke_of_Austria_Este
Maria_Josepha_of_Saxony	spouse	Louis_Dauphin_of_France_son_of_Louis_XV
Maria_Teresa_Cybo_Malaspina	spouse	Eugene_Jean_Count_of_Soissons
Maria_Teresa_Cybo_Malaspina	spouse	Ercole_III_d_Este_Duke_of_Modena
Maria_Teresa_d_Este	spouse	Louis_Jean_Marie_de_Bourbon_Duke_of_Penthi_vre
Maria_Theresa_of_Austria_Este	spouse	Victor_Emmanuel_I_of_Sardinia
Maria_of_Aragon	spouse	Manuel_I_of_Portugal
Maria_of_Austria	spouse	Maximilian_II_Holy_Roman_Emperor
Princess_Marie_Caroline	spouse	Charles_Ferdinand_Duke_of_Berry
Marie,_Countess_of_Ponthieu	spouse	Simon_Count_of_Ponthieu
Duchess_Marie_Eleonore	spouse	Albert_Frederick_Duke_of_Prussia
Marie_Louise	spouse	Napoleon
Marie_Louise	spouse	Adam_Albert_von_Neipperg
Marie_Th_r_se	spouse	Louis_Antoine_Duke_of_Angoul_me
Marie_of_Brittany,_Countess_of_Saint_Pol	spouse	Guy_IV_Count_of_Saint_Pol
Marie_of_Cleves	spouse	Charles_Duke_of_Orl_ans
Marie_of_Luxembourg	spouse	Francis_Count_of_Vend_me
Mary	spouse	Henry_Stuart_Lord_Darnley
Mary	spouse	Francis_II_of_France
Mary	spouse	James_Hepburn_4th_Earl_of_Bothwell
Mary_Tudor	spouse	Charles_Brandon_1st_Duke_of_Suffolk
Mary_Tudor	spouse	Louis_XII
Matilde_of_Bavaria	spouse	Frederick_II_Margrave_of_Meissen
Matilda_of_Saxony	spouse	Godfrey_I_Count_of_Verdun
Matthew_Stewart	spouse	Margaret_Lyle
Matthias	spouse	Bertha_Duchess_of_Lorraine
Maud_FitzJohn	spouse	William_de_Beauchamp_9th_Earl_of_Warwick
Maximilian_I	spouse	Anne_of_Brittany
Maximilian_I	spouse	Mary_of_Burgundy
Nicholas_Francis	spouse	Claude_Fran_oise_de_Lorraine
Odo_III	spouse	Theresa_of_Portugal_Countess_of_Flanders
Odo_III	spouse	Alice_of_Vergy
Odo_IV	spouse	Joan_III_Countess_of_Burgundy
Odo_I	spouse	Sibylla_of_Burgundy_Duchess_of_Burgundy
Odo	spouse	Th_odrate_of_Troyes
Otto_IV	spouse	Mahaut_Countess_of_Artois
Otto_V,_Count_of_Wittelsbach	spouse	Heilika_of_Lengenfeld
Otto_I,_Count_of_Scheyern	spouse	Haziga_of_Diessen
Otto_I_Wittelsbach,_Duke_of_Bavaria	spouse	Agnes_of_Loon
Otto_the_Child	spouse	Matilda_of_Brandenburg_Duchess_of_Brunswic_L_neburg
Otto_I	spouse	Hedwig_of_Babenberg
Otto_V	spouse	Anna_of_Nassau_Dillenburg
Otto_William	spouse	Ermentrude_de_Roucy
Owen_ap_Maredudd_ap_Tudur	spouse	Catherine_of_Valois
Sir_Owen_Tudor	spouse	Catherine_of_Valois
Peter_II	spouse	Maria_of_Montpellier
Peter_I	spouse	Isabella_of_Valois_Duchess_of_Bourbon
Peter_I	spouse	Alix_Duchess_of_Brittany
Philip_III	spouse	Isabella_of_Aragon_Queen_of_France
Philip_III	spouse	Joan_II_of_Navarre
Philip_II	spouse	Claudine_de_Brosse
Philip_II	spouse	Isabella_of_Hainault
Philip_II	spouse	Ingeborg_of_Denmark_Queen_of_France
Philip_II	spouse	Agnes_of_Merania
Philip_II_&_I	spouse	Maria_Manuela_Princess_of_Portugal
Philip_II_&_I	spouse	Anna_of_Austria_Queen_of_Spain
Philip_II_&_I	spouse	Elisabeth_of_Valois
Philip_IV	spouse	Joan_I_of_Navarre
Philip_the_Handsome	spouse	Joanna_of_Castile
Philip_I	spouse	Bertha_of_Holland
Philip_I	spouse	Bertrade_of_Montfort
Philip_VI	spouse	Joan_the_Lame
Philip_VI	spouse	Blanche_of_Navarre_Queen_of_France
Philippe_II	spouse	Fran_oise_Marie_de_Bourbon
Philippe_I	spouse	Henrietta_of_England
Philippe_I	spouse	Elizabeth_Charlotte_Madame_Palatine
Piero_the_Gouty	spouse	Lucrezia_Tornabuoni
Piero_de__Medici	spouse	Alfonsina_Orsini
Philippe	spouse	Princess_Marie_Isabelle_of_Orl_ans
Augusta_of_Saxe_Gotha	spouse	Frederick_Prince_of_Wales
Princess_Caroline_Louise	spouse	Frederick_Louis_Hereditary_Grand_Duke_of_Mecklenburg_Schwerin
Princess_Christine_Louise	spouse	Louis_Rudolph_Duke_of_Brunswic_L_neburg
Louise_of_Hesse_Darmstadt	spouse	Karl_August_Grand_Duke_of_Saxe_Weimar_Eisenach
Magdalena_Augusta_of_Anhalt_Zerbst	spouse	Frederick_II_Duke_of_Saxe_Gotha_Altenburg
Ramon_Berenguer_III	spouse	Douce_I_Countess_of_Provence
Ramon_Berenguer_II	spouse	Maud_of_Apulia
Ramon_Berenguer_IV	spouse	Petronilla_of_Aragon
Ramon_Borrell,_Count_of_Barcelona	spouse	Ermesinde_of_Carcassonne
Reginald_I	spouse	Alice_of_Normandy
Ren__II	spouse	Philippa_of_Guelders
Ren__I	spouse	Isabella_Duchess_of_Lorraine
Ren__I	spouse	Jeanne_de_Laval
Richard_of_Montfort	spouse	Margaret_of_Foix
Richard_of_Montfort	spouse	Margaret_Countess_of_Vertus
Richard	spouse	Adelaide_of_Auxerre_born_c._870
Saint_Richardis	spouse	Charles_the_Fat
Richeza_of_Poland	spouse	Volodar_Glebovich_Prince_of_Minsk
Richeza_of_Poland	spouse	Sverker_I_of_Sweden
Richeza_of_Poland	spouse	Magnus_the_Strong
Robert	spouse	Beatrice_of_Burgundy_Lady_of_Bourbon
Robert_III	spouse	Anabella_Drummond
Robert_II	spouse	Rozala_of_Italy
Robert_II	spouse	Bertha_of_Burgundy
Robert_II	spouse	Constance_of_Arles
Robert_II	spouse	Agnes_of_France_Duchess_of_Burgundy
Robert_II	spouse	Elizabeth_Mure
Robert_I	spouse	Helie_of_Semur
Robert_I	spouse	Ermengarde_of_Anjou_Duchess_of_Burgundy
Robert_I	spouse	Aelis
Rudolf_I	spouse	Gertrude_of_Hohenberg
Rudolf_I	spouse	Isabella_of_Burgundy_Queen_of_Germany
Rudolph	spouse	Marie_de_Ch_tillon_1323_1363
Rudolph	spouse	Emma_of_France
Rudolph_II	spouse	Bertha_of_Swabia
Sancho_III	spouse	Blanca_of_Navarre_Queen_of_Castile
Sancho_IV	spouse	Mar_a_de_Molina
Sancho_I	spouse	Dulce_of_Aragon
Simon_I,_Duke_of_Lorraine	spouse	Adelaide_of_Leuven
Sophia_of_Saxe_Weissenfels	spouse	Charles_Prince_of_Anhalt_Zerbst
Stephen_of_Blois	spouse	Adela_of_Normandy
Stephen_III,_Duke_of_Bavaria	spouse	Taddea_Visconti
Stephan_II	spouse	Elisabeth_of_Sicily_Duchess_of_Bavaria
Theobald_III,_Count_of_Blois	spouse	Gersende_of_Maine
Theobald_III	spouse	Blanche_of_Navarre_Countess_of_Champagne
Theobald_II	spouse	Matilda_of_Carinthia
Theobald_I	spouse	Gertrude_of_Dagsburg
Theobald_I	spouse	Frederick_III_Duke_of_Lorraine
Theodoric_II	spouse	Hedwig_of_Formbach
Valdemar_I	spouse	Sophia_of_Minsk
Victor_Amadeus_III	spouse	Maria_Antonia_Ferdinanda_of_Spain
Victor_Amadeus_II	spouse	Anna_Canalis_di_Cumiana
Walter_Stewart	spouse	Marjorie_Bruce
William_III,_Duke_of_Aquitaine	spouse	Gerloc
William_IX	spouse	Philippa_Countess_of_Toulouse
William_IX	spouse	Ermengarde_of_Anjou_d._1146
William_the_Good	spouse	Joan_of_Valois_Countess_of_Hainaut
William_VIII,_Duke_of_Aquitaine	spouse	Hildegarde_of_Burgundy
William_V,_Duke_of_Aquitaine	spouse	Agnes_of_Burgundy_Duchess_of_Aquitaine
William_X	spouse	A_nor_de_Ch_tellerault
William_of_Winchester	spouse	Helena_of_Denmark
William	spouse	Dorothea_of_Denmark_Duchess_of_Brunswic_L_neburg
Yolande_of_Dreux	spouse	Hugh_IV_Duke_of_Burgundy
_lffl_d	spouse	Edward_the_Elder
_thelwulf	spouse	Osburh
_thelwulf	spouse	Judith_of_Flanders
Beatrice_of_Portugal	spouse	Sancho_Alfonso
Gisela_of_Burgundy	spouse	Rainier_Marquis_of_Montferrat
Gisela_of_Burgundy	spouse	Humbert_II_Count_of_Savoy
Welf_I	spouse	Ethelinde_of_Northeim
Isabella_of_Valois	spouse	Peter_I_Duke_of_Bourbon
Louis_Philippe_I	spouse	Louise_Henriette_de_Bourbon
Louis_Philippe_I	spouse	Madame_de_Montesson
Mary_of_Burgundy	spouse	Adolph_I_Duke_of_Cleves
William_X	spouse	A_nor_de_Ch_tellerault
Frederick	spouse	Princess_Augusta_of_Saxe_Gotha
George_Gordon,_4th_Earl_of_Huntly	spouse	Elizabeth_Gordon_Countess_of_Huntly
Margaret_of_Savoy	spouse	Peter_II_Count_of_Saint_Pol
Valdemar_I	spouse	Sophia_of_Minsk
Alfonso_VIII	spouse	Eleanor_of_England_Queen_of_Castile
Stephen_III,_Duke_of_Bavaria	spouse	Elisabeth_of_Cleves
Stephen_III,_Duke_of_Bavaria	spouse	Taddea_Visconti
Francis_II	spouse	Margaret_of_Foix
Francis_II	spouse	Margaret_of_Brittany
Anne	spouse	Charles_VIII_of_France
Anne	spouse	Maximilian_I_Holy_Roman_Emperor
Anne	spouse	Louis_XII
James_I	spouse	Eleanor_of_Castile_died_1244
James_I	spouse	Violant_of_Hungary
James_I	spouse	Teresa_Gil_de_Vidaure
Rozala_of_Italy	spouse	Robert_II_of_France
Isabella_of_Aragon	spouse	Philip_III_of_France
Owen_ap_Maredudd_ap_Tudur	spouse	Catherine_of_Valois
Sir_Owen_Tudor	spouse	Catherine_of_Valois
John_II	spouse	Philippa_of_Luxembourg
Maria_of_Aragon	spouse	Manuel_I_of_Portugal
Otto_I,_Count_of_Scheyern	spouse	Haziga_of_Diessen
Ramon_Berenguer_III	spouse	Douce_I_Countess_of_Provence
Ferdinand_II_of_Le_n_and_Galicia	spouse	Urraca_of_Portugal
Ferdinand_II_of_Le_n_and_Galicia	spouse	Teresa_Fern_ndez_de_Traba
Ferdinand_II_of_Le_n_and_Galicia	spouse	Urraca_L_pez_de_Haro
Odo_I	spouse	Sibylla_of_Burgundy_Duchess_of_Burgundy
Gisela_of_Burgundy	spouse	Humbert_II_Count_of_Savoy
Gisela_of_Burgundy	spouse	Rainier_Marquis_of_Montferrat
Louise_of_Hesse_Darmstadt	spouse	Karl_August_Grand_Duke_of_Saxe_Weimar_Eisenach
Philip_IV_&_III	spouse	Elisabeth_of_France_1602_1644
Henry_the_Middle	spouse	Margaret_of_Saxony_Duchess_of_Brunswic_L_neburg
Saint_Richardis	spouse	Charles_the_Fat
Philip_II	spouse	Claudine_de_Brosse
Philip_II	spouse	Margaret_of_Bourbon_1438_1483
Isabella	spouse	Ren__of_Anjou
Philip_I	spouse	Bertha_of_Holland
William_III,_Duke_of_Aquitaine	spouse	Gerloc
Ramon_Berenguer_IV	spouse	Petronilla_of_Aragon
Matilda_of_Saxony	spouse	Baldwin_III_Count_of_Flanders
John_II	spouse	Juana_Enr_quez
John_II	spouse	Blanche_I_of_Navarre
Agnes_of_Burgundy	spouse	Charles_I_Duke_of_Bourbon
Afonso_I	spouse	Matilda_of_Savoy_Queen_of_Portugal
Philip_VI	spouse	Joan_the_Lame
Philip_VI	spouse	Blanche_of_Navarre_Queen_of_France
Baldwin_V,_Count_of_Hainaut	spouse	Margaret_I_Countess_of_Flanders
Richeza_of_Poland	spouse	Magnus_the_Strong
Richeza_of_Poland	spouse	Sverker_I_of_Sweden
Richeza_of_Poland	spouse	Volodar_Glebovich_Prince_of_Minsk
Louis	spouse	Marie_Ad_la_de_of_Savoy
Louis_VIII	spouse	Blanche_of_Castile
John_of_Bourbon	spouse	Catherine_of_Vend_me
Godfrey_I	spouse	Otto_II_Count_of_Chiny
Godfrey_I	spouse	Clementia_of_Burgundy
Fulk_(V)	spouse	Melisende_Queen_of_Jerusalem
Fulk_(V)	spouse	Ermengarde_Countess_of_Maine
James_I	spouse	Joan_Beaufort_Queen_of_Scots
Frederick_I	spouse	Wierzchoslawa_Ludmilla_of_Greater_Poland
Victor_Amadeus_II	spouse	Anna_Canalis_di_Cumiana
Victor_Amadeus_II	spouse	Anne_Marie_d_Orl_ans
James_Hepburn	spouse	Jean_Gordon_Countess_of_Bothwell
James_Hepburn	spouse	Mary_Queen_of_Scots
Marie_de_Medici	spouse	Henry_IV_of_France
Stephan_II	spouse	Elisabeth_of_Sicily_Duchess_of_Bavaria
Theobald_III	spouse	Blanche_of_Navarre_Countess_of_Champagne
Margaret_of_Scotland	spouse	Louis_XI
A_nor_of_Ch_tellerault	spouse	William_X_Duke_of_Aquitaine
Magnus_I	spouse	Sophia_of_Brandenburg
John_I	spouse	Philippa_of_Lancaster
Reginald_I	spouse	Alice_of_Normandy
Francis_de_Bourbon	spouse	Marie_of_Luxembourg_Countess_of_Vend_me
Margaret_I	spouse	Baldwin_V_Count_of_Hainaut
Fran_oise_d_Aubign_	spouse	Louis_XIV
Fran_oise_d_Aubign_	spouse	Paul_Scarron
Louis_I	spouse	Ludmilla_of_Bohemia
Adelaide_of_Burgundy	spouse	Henry_III_Duke_of_Brabant
James_V	spouse	Madeleine_of_Valois
James_V	spouse	Mary_of_Guise
Afonso_IV	spouse	Beatrice_of_Castile_1293_1359
Emma_of_Altdorf	spouse	Louis_the_German
Archduchess_Maria	spouse	William_Duke_of_J_lich_Cleves_Berg
Joan_III	spouse	Odo_IV_Duke_of_Burgundy
Marie_Louise	spouse	Adam_Albert_von_Neipperg
Marie_Louise	spouse	Charles_Ren__de_Bombelles
Marie_Louise	spouse	Napoleon
Margaret_of_Burgundy	spouse	Louis_X_of_France
Margaret_of_Burgundy	spouse	Kingdom_of_Navarre
Maria_Theresa_of_Austria_Este	spouse	Victor_Emmanuel_I_of_Sardinia
Alfonso_XI	spouse	Maria_of_Portugal_Queen_of_Castile
Alfonso_XI	spouse	Eleanor_de_Guzm_n
Alfonso_XI	spouse	Constanza_Manuel
Mary	spouse	James_Hepburn_4th_Earl_of_Bothwell
Mary	spouse	Francis_II_of_France
Mary	spouse	Henry_Stuart_Lord_Darnley
Sancho_I	spouse	Dulce_of_Aragon
Louis_IV	spouse	Margaret_II_Countess_of_Hainaut
Louis_IV	spouse	Beatrice_of_Silesia
Louis_Philippe_I	spouse	Louise_Henriette_de_Bourbon
Louis_Philippe_I	spouse	Madame_de_Montesson
Henry_V	spouse	Catherine_of_Valois
Prince_Henri	spouse	Archduchess_Maria_Theresa_of_Austria_Este_1817_1886
George	spouse	Anna_Eleonore_of_Hesse_Darmstadt
Eleanor_of_Portugal	spouse	Frederick_III_Holy_Roman_Emperor
Charles_Emmanuel_III	spouse	Elisabeth_Therese_of_Lorraine
Charles_Emmanuel_III	spouse	Polyxena_of_Hesse_Rotenburg
Jeanne_III	spouse	William_Duke_of_J_lich_Cleves_Berg
Edward_II	spouse	Isabella_of_France
Robert_I	spouse	Helie_of_Semur
Maria_Josepha_of_Saxony	spouse	Louis_Dauphin_of_France_son_of_Louis_XV
Alfonso_VII	spouse	Berengaria_of_Barcelona
Sancho_III	spouse	Blanca_of_Navarre_Queen_of_Castile
Eleanor_of_England	spouse	Alfonso_VIII_of_Castile
Henry_I	spouse	Matilda_of_Boulogne_Duchess_of_Brabant
Henry_I	spouse	Marie_of_France_Duchess_of_Brabant
Philip_III	spouse	Joan_II_of_Navarre
Edward_I	spouse	Eleanor_of_Castile
Edward_I	spouse	Margaret_of_France_Queen_of_England
Caroline	spouse	Louis_IX_Landgrave_of_Hesse_Darmstadt
Alfonso_II	spouse	Garsenda_Countess_of_Forcalquier
Hedwige_of_Saxony	spouse	Hugh_the_Great
Otto_IV	spouse	Mahaut_Countess_of_Artois
Otto_IV	spouse	Philippa_of_Bar
John_II	spouse	Beatrice_of_England
Berthold_II	spouse	Sophia_of_Istria
Philip_II_&_I	spouse	Elisabeth_of_Valois
Philip_II_&_I	spouse	Maria_Manuela_Princess_of_Portugal
Philip_II_&_I	spouse	Anna_of_Austria_Queen_of_Spain
Louis	spouse	Margaret_of_Artois
Marie,_Countess_of_Ponthieu	spouse	Simon_Count_of_Ponthieu
Isabella_I	spouse	Ferdinand_II_of_Aragon
Ernest_Augustus	spouse	Sophia_of_Hanover
Charles_III	spouse	Claude_of_France_1547_1575
Fran_oise_Ath_na_s_de_Rochechouart_de_Mortemart	spouse	Louis_XIV
Madame_de_Montespan	spouse	Louis_XIV
Fran_oise_Ath_na_s_de_Rochechouart_de_Mortemart	spouse	Louis_Henri_de_Pardaillan_de_Gondrin
Madame_de_Montespan	spouse	Louis_Henri_de_Pardaillan_de_Gondrin
John_VIII	spouse	Isabelle_de_Beauvau
Margaret_of_Valois	spouse	Henry_IV_of_France
Peter_I	spouse	Isabella_of_Valois_Duchess_of_Bourbon
Louise_Marie_Ad_la_de_de_Bourbo_Penthi_vre	spouse	Louis_Philippe_II_Duke_of_Orl_ans
Ferdinand_II	spouse	Isabella_I_of_Castile
Ferdinand_II	spouse	Germaine_of_Foix
Louis_I_of_Orl_ans	spouse	Valentina_Visconti_Duchess_of_Orl_ans
Elisabeth_of_Austria	spouse	Charles_IX_of_France
Otto_the_Child	spouse	Matilda_of_Brandenburg_Duchess_of_Brunswic_L_neburg
William	spouse	Dorothea_of_Denmark_Duchess_of_Brunswic_L_neburg
Arnulf	spouse	Lutgardis_of_Luxemburg
Frederick_II,_Count_of_Vaud_mont	spouse	Yolande_Duchess_of_Lorraine
Charles_V_of_Lorraine	spouse	Eleonore_of_Austria_Queen_of_Poland
Peter_I	spouse	Alix_Duchess_of_Brittany
Philip_the_Handsome	spouse	Joanna_of_Castile
Sophia_of_Saxe_Weissenfels	spouse	Charles_Prince_of_Anhalt_Zerbst
Maria_Amalia_of_Saxony	spouse	Philip_V_of_Spain
Francesco_I_de__Medici	spouse	Joanna_of_Austria_Grand_Duchess_of_Tuscany
Theobald_III,_Count_of_Blois	spouse	Adele_of_Valois
Theobald_III,_Count_of_Blois	spouse	Gersende_of_Maine
Cosimo_di_Giovanni_de__Medici	spouse	Contessina_de_Bardi
Odo_III	spouse	Theresa_of_Portugal_Countess_of_Flanders
Odo_III	spouse	Alice_of_Vergy
Rudolf_I	spouse	Gertrude_of_Hohenberg
Rudolf_I	spouse	Isabella_of_Burgundy_Queen_of_Germany
Charles_Emmanuel_II	spouse	Marie_Jeanne_Baptiste_of_Savoy_Nemours
Charles_Emmanuel_II	spouse	Fran_oise_Madeleine_d_Orl_ans
Frederick_II,_Duke_of_Brunswic_L_neburg	spouse	Magdalene_of_Brandenburg_1412_1454
Charles_Ferdinand	spouse	Marie_Caroline_of_Bourbo_Two_Sicilies_Duchess_of_Berry
Robert_II	spouse	Euphemia_de_Ross
Robert_II	spouse	Elizabeth_Mure
Peter_II	spouse	Maria_of_Montpellier
Ermengarde,_Countess_of_Maine	spouse	Fulk_King_of_Jerusalem
Baldwin_IV	spouse	Eleanor_of_Normandy
Matthias	spouse	Bertha_Duchess_of_Lorraine
Gertrude_of_Saxony	spouse	Robert_I_Count_of_Flanders
Louis_I	spouse	Mary_of_Avesnes
Louis_VII	spouse	Adela_of_Champagne
Edward_III	spouse	Philippa_of_Hainault
Berenguer_Ramon_I,_Count_of_Barcelona	spouse	Guisla_de_Llu__
Ingeborg_of_Denmark	spouse	Philip_II_of_France
Matilda_of_France	spouse	Conrad_I_of_Burgundy
Charlemagne	spouse	Hildegard_of_the_Vinzgau
Charles_IV	spouse	Marie_of_Luxembourg_Queen_of_France
Charles_IV	spouse	Joan_of__vreux
Charles_IV	spouse	Blanche_of_Burgundy
Augusta_of_Saxe_Gotha	spouse	Frederick_Prince_of_Wales
Sophia_Albertine,_Countess_of_Erbach_Erbach	spouse	Ernest_Frederick_I_Duke_of_Saxe_Hildburghausen
William_VIII,_Duke_of_Aquitaine	spouse	Hildegarde_of_Burgundy
Ermengarde_of_Anjou	spouse	Geoffrey_II_Count_of_G_tinais
Ermengarde_of_Anjou	spouse	Robert_I_Duke_of_Burgundy
Sancho_IV	spouse	Mar_a_de_Molina
Charles	spouse	Fran_oise_d_Alen_on
Maximilian_I	spouse	Mary_of_Burgundy
Maximilian_I	spouse	Bianca_Maria_Sforza
Maximilian_I	spouse	Anne_of_Brittany
Isabella_of_Valois	spouse	Peter_I_Duke_of_Bourbon
Theobald_II	spouse	Matilda_of_Carinthia
Baldwin_VI	spouse	Richilde_Countess_of_Hainaut
Ferdinand_III	spouse	Joan_Countess_of_Ponthieu
Ferdinand_III	spouse	Elisabeth_of_Swabia
William_IV,_Duke_of_Aquitaine	spouse	Emma_of_Blois
Umberto_II	spouse	Gisela_of_Burgundy_Marchioness_of_Montferrat
Theobald_I	spouse	Frederick_III_Duke_of_Lorraine
Theobald_I	spouse	Gertrude_of_Dagsburg
Theobald_I	spouse	Agnes_of_Beaujeu
Hugh_IV	spouse	Yolande_of_Dreux_Duchess_of_Burgundy
Odo_I,_Count_of_Blois	spouse	Bertha_of_Burgundy
John_IV	spouse	Joan_of_Navarre_Queen_of_England
John_IV	spouse	Joan_Holland_Duchess_of_Brittany
Maria_Anna_of_Bavaria	spouse	Charles_II_Archduke_of_Austria
Elisabeth_Christine_of_Brunswick	spouse	Charles_VI_Holy_Roman_Emperor
Leopold_II	spouse	Maria_Luisa_of_Spain
Henry_VII	spouse	Margaret_of_Brabant
Igor_the_Old	spouse	Olga_of_Kiev
Henry_I,_Count_of_Champagne	spouse	Marie_of_France_Countess_of_Champagne
Maud_FitzJohn	spouse	William_de_Beauchamp_9th_Earl_of_Warwick
William_IX	spouse	Philippa_Countess_of_Toulouse
William_IX	spouse	Ermengarde_of_Anjou_d._1146
Cosimo_I_de__Medici	spouse	Eleanor_of_Toledo
Cosimo_I_de__Medici	spouse	Camilla_Martelli
Elisabeth_Amalie_of_Hesse_Darmstadt	spouse	Philip_William_Elector_Palatine
Otto_II	spouse	Agnes_of_the_Palatinate
James_II	spouse	Mary_of_Guelders
Henry_X_the_Proud	spouse	Gertrude_of_S_pplingenburg
Ernest_II	spouse	Cymburgis_of_Masovia
Theodoric_II	spouse	Hedwig_of_Formbach
Theodoric_II	spouse	Gertrude_of_Flanders_Duchess_of_Lorraine
Philip_II	spouse	Ingeborg_of_Denmark_Queen_of_France
Philip_II	spouse	Agnes_of_Merania
Philip_II	spouse	Isabella_of_Hainault
Henry_IV	spouse	Joan_of_Navarre_Queen_of_England
Sviatoslav_the_Brave	spouse	Malusha
Matthew_Stewart	spouse	Margaret_Douglas
Vladimir_the_Great	spouse	Rogneda_of_Polotsk
Victor_Amadeus_III	spouse	Maria_Antonia_Ferdinanda_of_Spain
Berengar_II	spouse	Willa_of_Tuscany
Marie_of_Cleves	spouse	Charles_Duke_of_Orl_ans
Archduchess_Maria_Theresa	spouse	Henri_Count_of_Chambord
Louis_II	spouse	Matilda_of_Habsburg
Louis_II	spouse	Anna_of_Glogau
Louis_II	spouse	Maria_of_Brabant_Duchess_of_Bavaria
Floris_I	spouse	Gertrude_of_Saxony
John	spouse	Isabella_of_Angoul_me
John	spouse	Isabella_Countess_of_Gloucester
Charles	spouse	Marie_of_Cleves_Duchess_of_Orl_ans
Charles	spouse	Isabella_of_Valois
Charles	spouse	Bonne_of_Armagnac
Ferdinand_Philippe	spouse	Duchess_Helene_of_Mecklenburg_Schwerin
Philip_III	spouse	Isabella_of_Aragon_Queen_of_France
Th_odrate_of_Troyes	spouse	Odo_of_France
Berthold_IV_of_Andechs	spouse	Agnes_of_Rochlitz
Theobald_I,_Count_of_Blois	spouse	Luitgarde_of_Vermandois
Charles	spouse	Margaret_Countess_of_Anjou
Charles	spouse	Mahaut_of_Ch_tillon
Charles	spouse	Catherine_I_Latin_Empress
Baldwin_II	spouse	Ida_Countess_of_Hainaut
Charles_of_Orl_ans,_Count_of_Angoul_me	spouse	Louise_of_Savoy
Geoffrey_Plantagenet	spouse	Empress_Matilda
Richard_of_Montfort	spouse	Margaret_of_Foix
Richard_of_Montfort	spouse	Margaret_Countess_of_Vertus
Maria_Isabella	spouse	Francis_I_of_the_Two_Sicilies
Alfonso_X	spouse	Violant_of_Aragon
Philippe_I	spouse	Henrietta_of_England
Philippe_I	spouse	Elizabeth_Charlotte_Madame_Palatine
Louis_X	spouse	Margaret_of_Burgundy_Queen_of_France
Louis_X	spouse	Clementia_of_Hungary
Maria_Clementina_of_Austria	spouse	Francis_I_of_the_Two_Sicilies
Antoine,_Count_of_Vaud_mont	spouse	Marie_Countess_of_Harcourt
Dorothea_Sophie	spouse	Odoardo_Farnese_Hereditary_Prince_of_Parma
Dorothea_Sophie	spouse	Francesco_Farnese_Duke_of_Parma
Charles_Martel	spouse	Rotrude_of_Hesbaye
Matthew_Stewart	spouse	Margaret_Lyle
Blanche_of_Navarre	spouse	Philip_VI_of_France
Maria_Teresa_d_Este	spouse	Louis_Jean_Marie_de_Bourbon_Duke_of_Penthi_vre
Agatha	spouse	Edward_the_Exile
_thelwulf	spouse	Osburh
Yolanda	spouse	Peter_II_of_Courtenay
Robert	spouse	Beatrice_of_Burgundy_Lady_of_Bourbon
William_the_Good	spouse	Joan_of_Valois_Countess_of_Hainaut
Simon_I,_Duke_of_Lorraine	spouse	Adelaide_of_Leuven
Christina_of_Saxony	spouse	Philip_I_Landgrave_of_Hesse
Robert_II	spouse	Bertha_of_Burgundy
Robert_II	spouse	Constance_of_Arles
Philip_IV	spouse	Joan_I_of_Navarre
Nicholas_Francis	spouse	Claude_Fran_oise_de_Lorraine
Joan_I	spouse	John_II_of_France
Joan_I	spouse	Philip_I_Count_of_Auvergne
Hortense_de_Beauharnais	spouse	Louis_Bonaparte
Mary_Tudor	spouse	Charles_Brandon_1st_Duke_of_Suffolk
Mary_Tudor	spouse	Louis_XII
Helene_of_Mecklenburg_Schwerin	spouse	Ferdinand_Philippe_Duke_of_Orl_ans
Otto_V,_Count_of_Wittelsbach	spouse	Heilika_of_Lengenfeld
Philip_III_&_II	spouse	Margaret_of_Austria_Queen_of_Spain
Duchess_Magdalene_Sibylle_of_Prussia	spouse	John_George_I_Elector_of_Saxony
Mahaut_of_Artois	spouse	Otto_IV_Count_of_Burgundy
Albert_Azzo_I,_Margrave_of_Milan	spouse	Adela_of_Milan
Marie_Isabelle_de_Orl_ans_y_Borb_n	spouse	Prince_Philippe_Count_of_Paris
Ingegerd_Olofsdotter	spouse	Yaroslav_the_Wise
Ingegerd_Olofsdotter	spouse	Vladimir_the_Great
Marie_of_Brittany,_Countess_of_Saint_Pol	spouse	Guy_IV_Count_of_Saint_Pol
Agnes_of_France	spouse	Robert_II_Duke_of_Burgundy
Ramon_Borrell,_Count_of_Barcelona	spouse	Ermesinde_of_Carcassonne
John	spouse	Hugh_III_Duke_of_Burgundy
John	spouse	Hugh_de_Courtenay
Emmanuel_Philibert	spouse	Margaret_of_Valois_Duchess_of_Berry
Magdalena_Augusta_of_Anhalt_Zerbst	spouse	Frederick_II_Duke_of_Saxe_Gotha_Altenburg
Ludovico_di_Giovanni_de__Medici	spouse	Maria_Salviati
John,_Count_of_Hainaut	spouse	Adelaide_of_Holland
Afonso_III	spouse	Beatrice_of_Castile_1242_1303
Afonso_III	spouse	Matilda_II_Countess_of_Boulogne
Frederick_IV	spouse	Elisabeth_of_Austria_Duchess_of_Lorraine
Richard	spouse	Adelaide_of_Auxerre_born_c._870
Albert_II	spouse	Joanna_of_Pfirt
Jeanne_de_Bourbon	spouse	John_III_Count_of_Auvergne
Caroline_of_Nassau_Saarbr_cken	spouse	Christian_III_Count_Palatine_of_Zweibr_cken
Mary_of_Hungary	spouse	Charles_II_of_Naples
Hugh_III	spouse	Beatrice_of_Albon
Princess_Marie_Caroline	spouse	Charles_Ferdinand_Duke_of_Berry
Beatrice_of_Portugal	spouse	Sancho_Alfonso
Alys	spouse	William_IV_Count_of_Ponthieu
Otto_William	spouse	Ermentrude_de_Roucy
Louis_IX	spouse	Margaret_of_Provence
Adelaide	spouse	Richard_Duke_of_Burgundy
Joan_of_Valois	spouse	William_I_Count_of_Hainaut
Francis_IV	spouse	Maria_Beatrice_of_Savoy
Otto_I	spouse	Hedwig_of_Babenberg
George_II	spouse	Caroline_of_Ansbach
Arnulf_II	spouse	Rozala_of_Italy
Louis	spouse	Marie__milie_de_Joly_de_Choin
Louis	spouse	Maria_Anna_Victoria_of_Bavaria
Marie_of_Luxembourg	spouse	Jacques_of_Savoy_Count_of_Romont
Joan_I	spouse	Philip_IV_of_France
Margaret	spouse	Charles_Count_of_Valois
Antoine	spouse	Infanta_Luisa_Fernanda_Duchess_of_Montpensier
Giovanni_de__Medici	spouse	Piccarda_Bueri
Bertrade_de_Montfort	spouse	Philip_I_of_France
Bertrade_de_Montfort	spouse	Fulk_IV_Count_of_Anjou
Lothair	spouse	Emma_of_Italy
John_II	spouse	Bonne_of_Luxembourg
John_II	spouse	Joan_I_Countess_of_Auvergne
Alfonso_IX	spouse	Berengaria_of_Castile
Odo_IV	spouse	Joan_III_Countess_of_Burgundy
Margaret_Holland	spouse	John_Beaufort_1st_Earl_of_Somerset
Charles_Emmanuel_I	spouse	Catalina_Micaela_of_Spain
Henry_Stuart	spouse	Mary_Queen_of_Scots
Carlo_Maria_Buonaparte	spouse	Letizia_Bonaparte
Carlo_Buonaparte	spouse	Letizia_Bonaparte
Walter_Stewart	spouse	Marjorie_Bruce
Lambert_I	spouse	Gerberga_of_Lower_Lorraine
Louis_Antoine	spouse	Marie_Th_r_se_of_France
Peter_I	spouse	In_s_de_Castro
Lorenzo_the_Elder	spouse	Ginevra_Cavalcanti
James_III	spouse	Margaret_of_Denmark_Queen_of_Scotland
Charles_VIII	spouse	Anne_of_Brittany
Anna_of_Austria	spouse	Albert_V_Duke_of_Bavaria
Antoine	spouse	Jeanne_d_Albret
Mary_of_Guise	spouse	Louis_II_d_Orl_ans_Duke_of_Longueville
Johann_VII,_Duke_of_Mecklenburg	spouse	Sophia_of_Holstei_Gottorp
William_of_Winchester	spouse	Helena_of_Denmark
Henry_I	spouse	Matilda_of_Frisia
Lothair_II	spouse	Adelaide_of_Italy
Ferdinand_IV	spouse	Constance_of_Portugal
Lorenzo_II_de__Medici	spouse	Madeleine_de_La_Tour_d_Auvergne
Odo_II	spouse	Maud_of_Normandy
Ren__I	spouse	Jeanne_de_Laval
Leopold_III_the_Just	spouse	Viridis_Visconti
Adolf_Frederick_I	spouse	Anna_Maria_of_Ostfriesland
Henry_III	spouse	Eleanor_of_Provence
Anna_Maria_of_East_Frisia	spouse	Adolphus_Frederick_I_Duke_of_Mecklenburg_Schwerin
Louis_VI	spouse	Lucienne_of_Rochefort
Louis_VI	spouse	Adelaide_of_Maurienne
Yolande_of_Dreux	spouse	Hugh_IV_Duke_of_Burgundy
John_I	spouse	Blanche_of_Navarre_Duchess_of_Brittany
Stephen_of_Blois	spouse	Adela_of_Normandy
Robert_II	spouse	Agnes_of_France_Duchess_of_Burgundy
Rudolph_II	spouse	Bertha_of_Swabia
Charles_V	spouse	Isabella_of_Portugal
Baldwin_II	spouse	_lfthryth_Countess_of_Flanders
Joan	spouse	Ferdinand_III_of_Castile
Otto_I_Wittelsbach,_Duke_of_Bavaria	spouse	Agnes_of_Loon
Archduke_Ferdinand	spouse	Maria_Beatrice_d_Este_Duchess_of_Massa
Charles_IX	spouse	Elisabeth_of_Austria_Queen_of_France
Philip_V	spouse	Joan_II_Countess_of_Burgundy
Ramon_Berenguer_II	spouse	Maud_of_Apulia
Jeanne_de_Ponthieu	spouse	John_VI_of_Vend_me
Henry_III	spouse	Louise_of_Lorraine
Matilda	spouse	Henry_the_Fowler
Anna_of_Holstei_Gottorp	spouse	Enno_III_Count_of_East_Frisia
John_the_Blind	spouse	Beatrice_of_Bourbon_Queen_of_Bohemia
Ramon_Berenguer_I_the_Old	spouse	Almodis_de_la_Marche
Maximilian_II	spouse	Maria_of_Austria_Holy_Roman_Empress
Marie_Th_r_se	spouse	Louis_Antoine_Duke_of_Angoul_me
Piero_the_Gouty	spouse	Lucrezia_Tornabuoni
Maria_Teresa_Cybo_Malaspina	spouse	Ercole_III_d_Este_Duke_of_Modena
Lorenzo_de__Medici	spouse	Clarice_Orsini
Lorenzo_di_Piero_de__Medici	spouse	Clarice_Orsini
Edmund_Tudor	spouse	Lady_Margaret_Beaufort
Louis_V	spouse	Adelaide_Blanche_of_Anjou
Henry_II	spouse	Sophie_of_Thuringia_Duchess_of_Brabant
Joanna_I	spouse	Philip_I_of_Castile
Frederick_III	spouse	Theobald_I_of_Navarre
Victor_Amadeus_I	spouse	Christine_of_France
Albert_II	spouse	Rixa_of_Werle
Maria_Beatrice_d_Este	spouse	Ferdinand_Karl_Archduke_of_Austria_Este
Antoine	spouse	Ren_e_of_Bourbon
Maria_of_Hohenstaufen	spouse	Henry_II_Duke_of_Brabant
Sibylla_of_Anjou	spouse	Thierry_Count_of_Flanders
Anna_Gonzaga	spouse	Edward_Count_Palatine_of_Simmern
