Q2546219	associatedMusicalArtist	Q728559
Q27939	associatedMusicalArtist	Q3523382
Q27939	associatedMusicalArtist	Q377900
Q27939	associatedMusicalArtist	Q3261652
Q27939	associatedMusicalArtist	Q4652131
Q27939	associatedMusicalArtist	Q6880394
Q27939	associatedMusicalArtist	Q1191293
Q27939	associatedMusicalArtist	Q2298743
Q27939	associatedMusicalArtist	Q3001956
Q27939	associatedMusicalArtist	Q5929213
Q1689244	associatedMusicalArtist	Q46663
Q1689244	associatedMusicalArtist	Q16824077
Q6607	associatedMusicalArtist	Q263632
Q6607	associatedMusicalArtist	Q3001956
Q6607	associatedMusicalArtist	Q377900
Q6607	associatedMusicalArtist	Q432211
Q6607	associatedMusicalArtist	Q1511761
Q6607	associatedMusicalArtist	Q3524725
Q6607	associatedMusicalArtist	Q1659563
Q6607	associatedMusicalArtist	Q547788
Q6607	associatedMusicalArtist	Q7721181
Q6607	associatedMusicalArtist	Q499971
Q6607	associatedMusicalArtist	Q1191293
Q6607	associatedMusicalArtist	Q176305
Q6607	associatedMusicalArtist	Q2298743
Q6607	associatedMusicalArtist	Q864433
Q6607	associatedMusicalArtist	Q3261652
Q6607	associatedMusicalArtist	Q322569
Q6607	associatedMusicalArtist	Q5929213
Q6607	associatedMusicalArtist	Q1759727
Q6607	associatedMusicalArtist	Q117684
Q6607	associatedMusicalArtist	Q3523382
Q6607	associatedMusicalArtist	Q632499
Q6607	associatedMusicalArtist	Q2245893
Q27911	associatedMusicalArtist	Q7754543
Q3492567	associatedMusicalArtist	Q371997
Q465641	associatedMusicalArtist	Q1543041
Q1077028	associatedMusicalArtist	Q3684033
Q128309	associatedMusicalArtist	Q6880394
Q128309	associatedMusicalArtist	Q488728
Q128309	associatedMusicalArtist	Q3523382
Q128309	associatedMusicalArtist	Q21585350
Q128309	associatedMusicalArtist	Q176305
Q128309	associatedMusicalArtist	Q117684
Q128309	associatedMusicalArtist	Q5929213
Q128309	associatedMusicalArtist	Q3001956
Q128309	associatedMusicalArtist	Q377900
Q128309	associatedMusicalArtist	Q4652131
Q128309	associatedMusicalArtist	Q632499
Q153823	associatedMusicalArtist	Q7712421
Q7365855	associatedMusicalArtist	Q929683
Q4228700	associatedMusicalArtist	Q4045972
Q7926281	associatedMusicalArtist	Q508350
Q277976	associatedMusicalArtist	Q1165307
Q1361389	associatedMusicalArtist	Q947541
Q704663	associatedMusicalArtist	Q5270088
Q1877077	associatedMusicalArtist	Q1141426
Q1877077	associatedMusicalArtist	Q3087464
Q589313	associatedMusicalArtist	Q7737085
Q3780426	associatedMusicalArtist	Q691568
Q139061	associatedMusicalArtist	Q139061
Q662462	associatedMusicalArtist	Q5229307
Q482991	associatedMusicalArtist	Q282104
Q1646668	associatedMusicalArtist	Q1646668
Q621294	associatedMusicalArtist	Q3251694
Q1075651	associatedMusicalArtist	Q4652131
Q31561	associatedMusicalArtist	Q1444676
Q31561	associatedMusicalArtist	Q289622
Q8350	associatedMusicalArtist	Q547788
Q8350	associatedMusicalArtist	Q377900
Q3288729	associatedMusicalArtist	Q1233918
Q2334522	associatedMusicalArtist	Q522849
Q6968735	associatedMusicalArtist	Q5162293
Q2737111	associatedMusicalArtist	Q7719491
Q939980	associatedMusicalArtist	Q7209004
Q1349702	associatedMusicalArtist	Q7435416
Q3295485	associatedMusicalArtist	Q16011
Q309555	associatedMusicalArtist	Q6880134
Q192183	associatedMusicalArtist	Q16005
Q52954	associatedMusicalArtist	Q1659563
Q52954	associatedMusicalArtist	Q4652131
Q52954	associatedMusicalArtist	Q499971
Q52954	associatedMusicalArtist	Q6880394
Q52954	associatedMusicalArtist	Q7721181
Q52954	associatedMusicalArtist	Q3001956
Q52954	associatedMusicalArtist	Q3261652
Q52954	associatedMusicalArtist	Q322569
Q52954	associatedMusicalArtist	Q547788
Q52954	associatedMusicalArtist	Q1511761
Q2567229	associatedMusicalArtist	Q1092727
Q2567229	associatedMusicalArtist	Q16829103
Q1801449	associatedMusicalArtist	Q163989
Q12006	associatedMusicalArtist	Q7564663
Q973666	associatedMusicalArtist	Q1482609
Q2631072	associatedMusicalArtist	Q5123685
Q798487	associatedMusicalArtist	Q2245893
Q312336	associatedMusicalArtist	Q6598550
Q312336	associatedMusicalArtist	Q461962
Q3368147	associatedMusicalArtist	Q4725562
Q863069	associatedMusicalArtist	Q316485
Q2254458	associatedMusicalArtist	Q17142203
Q218031	associatedMusicalArtist	Q5095929
Q218031	associatedMusicalArtist	Q3498415
Q6349249	associatedMusicalArtist	Q6349148
Q139649	associatedMusicalArtist	Q20684586
Q3072339	associatedMusicalArtist	Q7760088
Q1174604	associatedMusicalArtist	Q5234436
Q984353	associatedMusicalArtist	Q11811940
Q984353	associatedMusicalArtist	Q204289
Q861146	associatedMusicalArtist	Q20684586
Q4347440	associatedMusicalArtist	Q4347440
Q167718	associatedMusicalArtist	Q7722256
Q321092	associatedMusicalArtist	Q3888899
Q918492	associatedMusicalArtist	Q20684586
Q1163080	associatedMusicalArtist	Q1869745
Q4679664	associatedMusicalArtist	Q16151518
Q259415	associatedMusicalArtist	Q2472812
Q241665	associatedMusicalArtist	Q500759
Q728753	associatedMusicalArtist	Q7430406
Q1323347	associatedMusicalArtist	Q6484992
Q361721	associatedMusicalArtist	Q728170
Q1702804	associatedMusicalArtist	Q7719491
Q2383623	associatedMusicalArtist	Q7119088
Q1384181	associatedMusicalArtist	Q1424124
Q2346849	associatedMusicalArtist	Q370400
Q911462	associatedMusicalArtist	Q990686
Q454103	associatedMusicalArtist	Q3988979
Q2561205	associatedMusicalArtist	Q14508735
Q438688	associatedMusicalArtist	Q18712314
Q3973173	associatedMusicalArtist	Q301142
Q203185	associatedMusicalArtist	Q1575927
Q4586663	associatedMusicalArtist	Q6738280
Q542910	associatedMusicalArtist	Q785051
Q957024	associatedMusicalArtist	Q207472
Q957024	associatedMusicalArtist	Q6600531
Q357211	associatedMusicalArtist	Q733159
Q458381	associatedMusicalArtist	Q3320691
Q458381	associatedMusicalArtist	Q7719491
Q2579371	associatedMusicalArtist	Q6575570
Q1811722	associatedMusicalArtist	Q1637693
Q614189	associatedMusicalArtist	Q17092059
Q614189	associatedMusicalArtist	Q3684833
Q19845	associatedMusicalArtist	Q55641
Q7152488	associatedMusicalArtist	Q1849210
Q380304	associatedMusicalArtist	Q1813840
Q182352	associatedMusicalArtist	Q4796973
Q2925035	associatedMusicalArtist	Q2290182
Q1046801	associatedMusicalArtist	Q1253351
Q1811612	associatedMusicalArtist	Q7430406
Q725516	associatedMusicalArtist	Q28963
Q6141334	associatedMusicalArtist	Q6401853
Q762693	associatedMusicalArtist	Q4796973
Q736966	associatedMusicalArtist	Q5594780
Q5099484	associatedMusicalArtist	Q17143602
Q1343007	associatedMusicalArtist	Q632499
Q1343007	associatedMusicalArtist	Q377900
Q1150457	associatedMusicalArtist	Q1932040
Q981856	associatedMusicalArtist	Q4890342
Q2355637	associatedMusicalArtist	Q885202
Q2355637	associatedMusicalArtist	Q515273
Q3434241	associatedMusicalArtist	Q1395369
Q3434241	associatedMusicalArtist	Q2874801
Q145633	associatedMusicalArtist	Q466484
Q7828198	associatedMusicalArtist	Q17142203
Q130798	associatedMusicalArtist	Q3083594
Q1051540	associatedMusicalArtist	Q223768
Q1051540	associatedMusicalArtist	Q15304730
Q2096837	associatedMusicalArtist	Q547272
Q46185	associatedMusicalArtist	Q117684
Q46185	associatedMusicalArtist	Q377900
Q46185	associatedMusicalArtist	Q5929213
Q46185	associatedMusicalArtist	Q547788
Q46185	associatedMusicalArtist	Q632499
Q46185	associatedMusicalArtist	Q7721181
Q46185	associatedMusicalArtist	Q1444676
Q46185	associatedMusicalArtist	Q322569
Q46185	associatedMusicalArtist	Q1759727
Q46185	associatedMusicalArtist	Q3261652
Q46185	associatedMusicalArtist	Q499971
Q46185	associatedMusicalArtist	Q1191293
Q46185	associatedMusicalArtist	Q3523382
Q46185	associatedMusicalArtist	Q1659563
Q46185	associatedMusicalArtist	Q176305
Q46185	associatedMusicalArtist	Q3882803
Q46185	associatedMusicalArtist	Q1511761
Q2726246	associatedMusicalArtist	Q671183
Q6379373	associatedMusicalArtist	Q6422157
Q36834	associatedMusicalArtist	Q1511761
Q484523	associatedMusicalArtist	Q40585
Q298694	associatedMusicalArtist	Q3180433
Q177111	associatedMusicalArtist	Q301142
Q61986	associatedMusicalArtist	Q684170
Q528907	associatedMusicalArtist	Q48284
Q51290	associatedMusicalArtist	Q322569
Q51290	associatedMusicalArtist	Q3519401
Q21600103	associatedMusicalArtist	Q21609289
Q1965618	associatedMusicalArtist	Q2143703
Q724501	associatedMusicalArtist	Q1630689
Q63439	associatedMusicalArtist	Q46663
Q703767	associatedMusicalArtist	Q893007
Q591516	associatedMusicalArtist	Q4166524
Q460325	associatedMusicalArtist	Q2498349
Q451958	associatedMusicalArtist	Q2300842
Q267010	associatedMusicalArtist	Q388323
Q1338197	associatedMusicalArtist	Q5442632
Q194187	associatedMusicalArtist	Q658182
Q708179	associatedMusicalArtist	Q1415939
Q708179	associatedMusicalArtist	Q16848429
Q4516709	associatedMusicalArtist	Q6575570
Q5525154	associatedMusicalArtist	Q1144027
Q337392	associatedMusicalArtist	Q3251694
Q282722	associatedMusicalArtist	Q3251694
Q5214526	associatedMusicalArtist	Q7047679
Q5214526	associatedMusicalArtist	Q7718438
Q1379531	associatedMusicalArtist	Q1472033
Q1379531	associatedMusicalArtist	Q5121804
Q712860	associatedMusicalArtist	Q45188
Q466302	associatedMusicalArtist	Q5229300
Q844982	associatedMusicalArtist	Q20684586
Q2884835	associatedMusicalArtist	Q2473972
Q554164	associatedMusicalArtist	Q6600531
Q438935	associatedMusicalArtist	Q4166524
Q311467	associatedMusicalArtist	Q213495
Q1028601	associatedMusicalArtist	Q6569640
Q7938217	associatedMusicalArtist	Q7564874
Q218992	associatedMusicalArtist	Q2561704
Q218992	associatedMusicalArtist	Q24884960
Q3504868	associatedMusicalArtist	Q7760088
Q16232642	associatedMusicalArtist	Q16841838
Q543484	associatedMusicalArtist	Q301142
Q753110	associatedMusicalArtist	Q1511761
Q4575196	associatedMusicalArtist	Q7601488
Q4878874	associatedMusicalArtist	Q3219800
Q4927166	associatedMusicalArtist	Q4927166
Q557102	associatedMusicalArtist	Q3319287
Q2352983	associatedMusicalArtist	Q768621
Q772463	associatedMusicalArtist	Q4906502
Q74902	associatedMusicalArtist	Q131366
Q514254	associatedMusicalArtist	Q7759541
Q1180956	associatedMusicalArtist	Q1451159
Q1045845	associatedMusicalArtist	Q1659563
Q1583707	associatedMusicalArtist	Q7845472
Q1559436	associatedMusicalArtist	Q903039
Q185364	associatedMusicalArtist	Q5871458
Q1789315	associatedMusicalArtist	Q903039
Q737445	associatedMusicalArtist	Q1749011
Q737445	associatedMusicalArtist	Q3206157
Q1933403	associatedMusicalArtist	Q6598550
Q4963159	associatedMusicalArtist	Q570559
Q863086	associatedMusicalArtist	Q16648446
Q1282800	associatedMusicalArtist	Q2874801
Q297173	associatedMusicalArtist	Q127135
Q2490265	associatedMusicalArtist	Q745741
Q283391	associatedMusicalArtist	Q5183447
Q272031	associatedMusicalArtist	Q5582354
Q272031	associatedMusicalArtist	Q912909
Q272031	associatedMusicalArtist	Q655782
Q4690111	associatedMusicalArtist	Q42023
Q1353845	associatedMusicalArtist	Q15052841
Q12067690	associatedMusicalArtist	Q1121084
Q961787	associatedMusicalArtist	Q24884960
Q7420256	associatedMusicalArtist	Q393515
Q350511	associatedMusicalArtist	Q16866503
Q511488	associatedMusicalArtist	Q1888500
Q2798948	associatedMusicalArtist	Q5297134
Q7563076	associatedMusicalArtist	Q300557
Q7563076	associatedMusicalArtist	Q1129668
Q194045	associatedMusicalArtist	Q126826
Q523517	associatedMusicalArtist	Q3404982
Q963145	associatedMusicalArtist	Q632499
Q2748959	associatedMusicalArtist	Q1986332
Q11405	associatedMusicalArtist	Q547788
Q133163	associatedMusicalArtist	Q6880394
Q133163	associatedMusicalArtist	Q3261652
Q133163	associatedMusicalArtist	Q377900
Q133163	associatedMusicalArtist	Q547788
Q925123	associatedMusicalArtist	Q616642
Q382616	associatedMusicalArtist	Q488728
Q325412	associatedMusicalArtist	Q2310612
Q770668	associatedMusicalArtist	Q392379
Q720622	associatedMusicalArtist	Q2300842
Q2272293	associatedMusicalArtist	Q3574332
Q1346568	associatedMusicalArtist	Q11250835
Q1655360	associatedMusicalArtist	Q16845452
Q618004	associatedMusicalArtist	Q17151372
Q6509197	associatedMusicalArtist	Q5306639
Q938718	associatedMusicalArtist	Q4912802
Q1594687	associatedMusicalArtist	Q694873
Q7434381	associatedMusicalArtist	Q5553825
Q25094847	associatedMusicalArtist	Q2907007
Q459251	associatedMusicalArtist	Q3129150
Q331733	associatedMusicalArtist	Q4166524
Q1396801	associatedMusicalArtist	Q825290
Q23671287	associatedMusicalArtist	Q2749272
Q366044	associatedMusicalArtist	Q14508735
Q220971	associatedMusicalArtist	Q547788
Q2748607	associatedMusicalArtist	Q3320691
Q2748607	associatedMusicalArtist	Q7719491
Q313639	associatedMusicalArtist	Q6833114
Q236005	associatedMusicalArtist	Q55641
Q7804209	associatedMusicalArtist	Q16824077
Q748584	associatedMusicalArtist	Q3635066
Q7295751	associatedMusicalArtist	Q4929616
Q463621	associatedMusicalArtist	Q597146
Q5653472	associatedMusicalArtist	Q5528889
Q5805805	associatedMusicalArtist	Q3574325
Q445448	associatedMusicalArtist	Q3372991
Q16196922	associatedMusicalArtist	Q1393568
Q7442310	associatedMusicalArtist	Q939980
Q325359	associatedMusicalArtist	Q325359
Q7817205	associatedMusicalArtist	Q2473972
Q7976043	associatedMusicalArtist	Q440572
Q128121	associatedMusicalArtist	Q11036
Q128121	associatedMusicalArtist	Q970140
Q3050590	associatedMusicalArtist	Q7719491
Q3700226	associatedMusicalArtist	Q1358683
Q443007	associatedMusicalArtist	Q2483121
Q349434	associatedMusicalArtist	Q24884960
Q7812446	associatedMusicalArtist	Q5305104
Q5056250	associatedMusicalArtist	Q5297134
Q436150	associatedMusicalArtist	Q58381
Q353943	associatedMusicalArtist	Q830379
Q795220	associatedMusicalArtist	Q1630689
Q496170	associatedMusicalArtist	Q171885
Q294583	associatedMusicalArtist	Q1630271
Q165911	associatedMusicalArtist	Q24884960
Q2994084	associatedMusicalArtist	Q613059
Q6886165	associatedMusicalArtist	Q7750878
Q2496575	associatedMusicalArtist	Q1201201
Q7150200	associatedMusicalArtist	Q650374
Q451076	associatedMusicalArtist	Q7937453
Q451076	associatedMusicalArtist	Q3520506
Q6271592	associatedMusicalArtist	Q7435416
Q4770853	associatedMusicalArtist	Q757508
Q661662	associatedMusicalArtist	Q267004
Q717773	associatedMusicalArtist	Q322569
Q2749433	associatedMusicalArtist	Q6422157
Q1316590	associatedMusicalArtist	Q367687
Q924486	associatedMusicalArtist	Q16648446
Q19201	associatedMusicalArtist	Q261
Q7521224	associatedMusicalArtist	Q5297134
Q314343	associatedMusicalArtist	Q4166524
Q1242137	associatedMusicalArtist	Q7268583
Q270692	associatedMusicalArtist	Q4166524
Q5526126	associatedMusicalArtist	Q1759163
Q11885	associatedMusicalArtist	Q27593
Q11885	associatedMusicalArtist	Q11895
Q484843	associatedMusicalArtist	Q489849
Q552511	associatedMusicalArtist	Q6494345
Q370231	associatedMusicalArtist	Q2635997
Q2210490	associatedMusicalArtist	Q1034596
Q4760511	associatedMusicalArtist	Q3142165
Q484874	associatedMusicalArtist	Q16853301
Q228787	associatedMusicalArtist	Q7998308
Q19004	associatedMusicalArtist	Q18153648
Q3643492	associatedMusicalArtist	Q277715
Q3546690	associatedMusicalArtist	Q18691688
Q1664019	associatedMusicalArtist	Q201336
Q374206	associatedMusicalArtist	Q16955973
Q219878	associatedMusicalArtist	Q55641
Q2357214	associatedMusicalArtist	Q642988
Q15880	associatedMusicalArtist	Q15862
Q963960	associatedMusicalArtist	Q430638
Q437559	associatedMusicalArtist	Q1165307
Q6778477	associatedMusicalArtist	Q5152784
Q6832093	associatedMusicalArtist	Q1330850
Q479912	associatedMusicalArtist	Q479912
Q310941	associatedMusicalArtist	Q3906110
Q7327756	associatedMusicalArtist	Q1335100
Q320190	associatedMusicalArtist	Q24884960
Q526545	associatedMusicalArtist	Q1759163
Q1170417	associatedMusicalArtist	Q15053001
Q16208562	associatedMusicalArtist	Q6313571
Q315092	associatedMusicalArtist	Q822802
Q901192	associatedMusicalArtist	Q5929213
Q311193	associatedMusicalArtist	Q508381
Q311193	associatedMusicalArtist	Q179767
Q1109114	associatedMusicalArtist	Q8035081
Q7626355	associatedMusicalArtist	Q645980
Q152453	associatedMusicalArtist	Q2653037
Q2889936	associatedMusicalArtist	Q222830
Q15873	associatedMusicalArtist	Q15862
Q63068	associatedMusicalArtist	Q683285
Q6846572	associatedMusicalArtist	Q5521863
Q8347	associatedMusicalArtist	Q1511761
Q7614003	associatedMusicalArtist	Q360484
Q222071	associatedMusicalArtist	Q7124173
Q5980366	associatedMusicalArtist	Q7809183
Q5980366	associatedMusicalArtist	Q7760088
Q1180841	associatedMusicalArtist	Q7268583
Q7172063	associatedMusicalArtist	Q6191849
unk	associatedMusicalArtist	Q1336827
unk	associatedMusicalArtist	Q4879451
Q1387901	associatedMusicalArtist	Q18160718
Q731958	associatedMusicalArtist	Q1442656
Q216986	associatedMusicalArtist	Q5873901
Q345494	associatedMusicalArtist	Q854590
Q144622	associatedMusicalArtist	Q151012
Q144622	associatedMusicalArtist	Q3888899
Q313135	associatedMusicalArtist	Q4166524
Q723047	associatedMusicalArtist	Q3520932
Q7050979	associatedMusicalArtist	Q4725562
Q357072	associatedMusicalArtist	Q1869745
Q357072	associatedMusicalArtist	Q16845452
Q638111	associatedMusicalArtist	Q24884960
Q4270	associatedMusicalArtist	Q488562
Q6450332	associatedMusicalArtist	Q17142203
Q107933	associatedMusicalArtist	Q1344949
Q108560	associatedMusicalArtist	Q970140
Q325987	associatedMusicalArtist	Q1892868
Q6505982	associatedMusicalArtist	Q5297134
Q5605898	associatedMusicalArtist	Q8035081
Q239415	associatedMusicalArtist	Q1850698
Q16728925	associatedMusicalArtist	Q20857802
Q16194769	associatedMusicalArtist	Q7731551
Q7704997	associatedMusicalArtist	Q5216407
Q7704997	associatedMusicalArtist	Q3837452
Q6060	associatedMusicalArtist	Q308644
Q2820029	associatedMusicalArtist	Q66413
Q21558301	associatedMusicalArtist	Q21609289
Q615803	associatedMusicalArtist	Q1418857
Q374962	associatedMusicalArtist	Q16648446
Q706084	associatedMusicalArtist	Q928304
Q283796	associatedMusicalArtist	Q106648
Q352473	associatedMusicalArtist	Q7763250
Q503701	associatedMusicalArtist	Q7914291
Q3900842	associatedMusicalArtist	Q1155614
Q61415	associatedMusicalArtist	Q690183
Q3121024	associatedMusicalArtist	Q7755289
Q5213268	associatedMusicalArtist	Q4691008
Q9798	associatedMusicalArtist	Q377900
Q9798	associatedMusicalArtist	Q21585350
Q3658587	associatedMusicalArtist	Q1543041
Q318483	associatedMusicalArtist	Q2112623
Q318483	associatedMusicalArtist	Q6600531
Q318483	associatedMusicalArtist	Q207472
Q1051550	associatedMusicalArtist	Q223768
Q529555	associatedMusicalArtist	Q6886280
Q723690	associatedMusicalArtist	Q638159
Q1364197	associatedMusicalArtist	Q769803
Q6788664	associatedMusicalArtist	Q1726843
Q463715	associatedMusicalArtist	Q822802
Q364869	associatedMusicalArtist	Q2310612
Q322675	associatedMusicalArtist	Q322569
Q201459	associatedMusicalArtist	Q1288216
Q313138	associatedMusicalArtist	Q5871458
Q313138	associatedMusicalArtist	Q3180433
Q219631	associatedMusicalArtist	Q182223
Q466980	associatedMusicalArtist	Q6600531
Q5240855	associatedMusicalArtist	Q2550127
Q2111952	associatedMusicalArtist	Q209182
Q78987	associatedMusicalArtist	Q1444676
Q78987	associatedMusicalArtist	Q6880394
Q339440	associatedMusicalArtist	Q475121
Q12324127	associatedMusicalArtist	Q15260941
Q1452334	associatedMusicalArtist	Q5152784
Q1349337	associatedMusicalArtist	Q7914291
Q49319	associatedMusicalArtist	Q7268583
Q7152743	associatedMusicalArtist	Q6313571
Q434242	associatedMusicalArtist	Q7719491
Q215215	associatedMusicalArtist	Q20857901
Q25095003	associatedMusicalArtist	Q4637553
Q6775145	associatedMusicalArtist	Q93840
Q1541060	associatedMusicalArtist	Q2153861
Q207691	associatedMusicalArtist	Q6880394
Q373669	associatedMusicalArtist	Q163989
Q180733	associatedMusicalArtist	Q655629
Q321332	associatedMusicalArtist	Q3888899
Q220140	associatedMusicalArtist	Q623292
Q220140	associatedMusicalArtist	Q16269463
Q220140	associatedMusicalArtist	Q482477
Q237669	associatedMusicalArtist	Q2604529
Q153290	associatedMusicalArtist	Q7634673
Q5482740	associatedMusicalArtist	Q1511761
Q654778	associatedMusicalArtist	Q654778
Q16730421	associatedMusicalArtist	Q7268583
Q5889354	associatedMusicalArtist	Q5062767
Q2143473	associatedMusicalArtist	Q440572
Q2143473	associatedMusicalArtist	Q1022454
Q193666	associatedMusicalArtist	Q4652131
Q756563	associatedMusicalArtist	Q18042821
Q756563	associatedMusicalArtist	Q485220
Q453330	associatedMusicalArtist	Q183048
Q7149914	associatedMusicalArtist	Q2409656
Q1463985	associatedMusicalArtist	Q488728
Q483379	associatedMusicalArtist	Q43259
Q472663	associatedMusicalArtist	Q953001
Q963411	associatedMusicalArtist	Q392379
Q746618	associatedMusicalArtist	Q6569640
Q6167162	associatedMusicalArtist	Q4806372
Q309941	associatedMusicalArtist	Q890064
Q4913513	associatedMusicalArtist	Q1570087
Q5205247	associatedMusicalArtist	Q3736269
Q27914	associatedMusicalArtist	Q7754543
Q7181077	associatedMusicalArtist	Q7268583
Q19198	associatedMusicalArtist	Q261
Q19198	associatedMusicalArtist	Q16648446
Q918538	associatedMusicalArtist	Q205356
Q3376733	associatedMusicalArtist	Q1756181
Q3376733	associatedMusicalArtist	Q225036
Q193509	associatedMusicalArtist	Q837300
Q364875	associatedMusicalArtist	Q1601575
Q3011339	associatedMusicalArtist	Q5871458
Q32937	associatedMusicalArtist	Q846016
Q302400	associatedMusicalArtist	Q613059
Q1317738	associatedMusicalArtist	Q925481
Q105221	associatedMusicalArtist	Q1344949
Q15725914	associatedMusicalArtist	Q7722256
Q1516678	associatedMusicalArtist	Q846016
Q5608	associatedMusicalArtist	Q154543
Q5608	associatedMusicalArtist	Q741532
Q722876	associatedMusicalArtist	Q461962
Q6418942	associatedMusicalArtist	Q929683
Q703787	associatedMusicalArtist	Q7719491
Q4271	associatedMusicalArtist	Q482477
Q2074381	associatedMusicalArtist	Q1410018
Q297552	associatedMusicalArtist	Q667923
Q3089124	associatedMusicalArtist	Q1849053
Q294723	associatedMusicalArtist	Q483802
Q937564	associatedMusicalArtist	Q933061
Q974238	associatedMusicalArtist	Q3937955
Q339093	associatedMusicalArtist	Q3329272
Q1388430	associatedMusicalArtist	Q6675981
Q6256281	associatedMusicalArtist	Q1495650
Q6828695	associatedMusicalArtist	Q1573477
Q2563510	associatedMusicalArtist	Q6880394
Q191000	associatedMusicalArtist	Q547788
Q1450	associatedMusicalArtist	Q2423216
Q150916	associatedMusicalArtist	Q259254
Q976090	associatedMusicalArtist	Q859463
Q6066866	associatedMusicalArtist	Q1126301
Q6483440	associatedMusicalArtist	Q5998427
Q504646	associatedMusicalArtist	Q1421983
Q244976	associatedMusicalArtist	Q20683889
Q5994	associatedMusicalArtist	Q322569
Q5994	associatedMusicalArtist	Q2298743
Q5994	associatedMusicalArtist	Q1511761
Q4932984	associatedMusicalArtist	Q1358820
Q22277901	associatedMusicalArtist	Q4547557
Q15615	associatedMusicalArtist	Q1630689
Q6200354	associatedMusicalArtist	Q4712255
Q495577	associatedMusicalArtist	Q282104
Q47369	associatedMusicalArtist	Q1511761
Q630195	associatedMusicalArtist	Q880681
Q4353885	associatedMusicalArtist	Q1815973
Q2555994	associatedMusicalArtist	Q14508735
Q4368975	associatedMusicalArtist	Q1052139
Q8355	associatedMusicalArtist	Q322569
Q8355	associatedMusicalArtist	Q1511761
Q15457475	associatedMusicalArtist	Q443394
Q5214046	associatedMusicalArtist	Q7732957
Q8338	associatedMusicalArtist	Q488728
Q8338	associatedMusicalArtist	Q1511761
Q1511133	associatedMusicalArtist	Q1511133
Q713521	associatedMusicalArtist	Q6597322
Q312696	associatedMusicalArtist	Q475121
Q2760949	associatedMusicalArtist	Q572174
Q1405258	associatedMusicalArtist	Q17361984
Q4590538	associatedMusicalArtist	Q1636465
Q371289	associatedMusicalArtist	Q20684586
Q483907	associatedMusicalArtist	Q205780
Q313470	associatedMusicalArtist	Q212464
Q7896966	associatedMusicalArtist	Q7712421
Q362333	associatedMusicalArtist	Q7731551
Q707990	associatedMusicalArtist	Q1851859
Q711614	associatedMusicalArtist	Q2032426
Q545689	associatedMusicalArtist	Q931866
Q246538	associatedMusicalArtist	Q776315
Q728494	associatedMusicalArtist	Q2300842
Q1210688	associatedMusicalArtist	Q7722256
Q4947167	associatedMusicalArtist	Q3288013
Q5980380	associatedMusicalArtist	Q292960
Q3952851	associatedMusicalArtist	Q3985799
Q584016	associatedMusicalArtist	Q17285629
Q3675573	associatedMusicalArtist	Q247949
Q234691	associatedMusicalArtist	Q106648
Q1648800	associatedMusicalArtist	Q163989
Q47284	associatedMusicalArtist	Q1074367
Q6529847	associatedMusicalArtist	Q7774898
Q6384639	associatedMusicalArtist	Q3513649
Q1837039	associatedMusicalArtist	Q494270
Q311241	associatedMusicalArtist	Q1370588
Q671665	associatedMusicalArtist	Q430638
Q901848	associatedMusicalArtist	Q3520506
Q172632	associatedMusicalArtist	Q1777698
Q1414932	associatedMusicalArtist	Q488728
Q474980	associatedMusicalArtist	Q769803
Q6210233	associatedMusicalArtist	Q765111
Q1225	associatedMusicalArtist	Q1276681
Q505677	associatedMusicalArtist	Q7356828
Q6161417	associatedMusicalArtist	Q271984
Q1740276	associatedMusicalArtist	Q250421
Q3256698	associatedMusicalArtist	Q1758822
Q780787	associatedMusicalArtist	Q205838
Q5317721	associatedMusicalArtist	Q3504458
Q4098423	associatedMusicalArtist	Q18712367
Q4098423	associatedMusicalArtist	Q5521863
Q7328786	associatedMusicalArtist	Q17142203
Q2521408	associatedMusicalArtist	Q386088
Q2610405	associatedMusicalArtist	Q7808494
Q2610405	associatedMusicalArtist	Q768621
Q5224183	associatedMusicalArtist	Q170487
Q258896	associatedMusicalArtist	Q1444676
Q437375	associatedMusicalArtist	Q738929
Q155412	associatedMusicalArtist	Q738929
Q7456520	associatedMusicalArtist	Q1542906
Q253652	associatedMusicalArtist	Q7719491
Q808218	associatedMusicalArtist	Q488728
Q2277509	associatedMusicalArtist	Q1121084
Q314107	associatedMusicalArtist	Q818377
Q267213	associatedMusicalArtist	Q541854
Q4958243	associatedMusicalArtist	Q2894589
Q31687	associatedMusicalArtist	Q7754543
Q490829	associatedMusicalArtist	Q1630271
Q318374	associatedMusicalArtist	Q842415
Q432743	associatedMusicalArtist	Q247949
Q1062941	associatedMusicalArtist	Q3007471
Q151795	associatedMusicalArtist	Q459585
Q5748559	associatedMusicalArtist	Q181684
Q3311792	associatedMusicalArtist	Q691568
Q273981	associatedMusicalArtist	Q742804
Q6186001	associatedMusicalArtist	Q7766073
Q219782	associatedMusicalArtist	Q7766073
Q1342689	associatedMusicalArtist	Q374747
Q216913	associatedMusicalArtist	Q483558
Q979460	associatedMusicalArtist	Q6597322
Q4357241	associatedMusicalArtist	Q950309
Q3646513	associatedMusicalArtist	Q219939
Q631770	associatedMusicalArtist	Q3320691
Q733373	associatedMusicalArtist	Q736338
Q3391113	associatedMusicalArtist	Q6462607
Q53549	associatedMusicalArtist	Q769259
Q1361323	associatedMusicalArtist	Q250421
Q1960239	associatedMusicalArtist	Q3251694
Q984115	associatedMusicalArtist	Q2002604
Q6208958	associatedMusicalArtist	Q7718444
Q435965	associatedMusicalArtist	Q11350174
Q554670	associatedMusicalArtist	Q16011
Q370155	associatedMusicalArtist	Q830586
Q191719	associatedMusicalArtist	Q1417467
Q5525103	associatedMusicalArtist	Q736338
Q6271100	associatedMusicalArtist	Q1529069
Q311382	associatedMusicalArtist	Q184217
Q180004	associatedMusicalArtist	Q134541
Q4933254	associatedMusicalArtist	Q2815972
Q954598	associatedMusicalArtist	Q3372991
Q6203954	associatedMusicalArtist	Q17142203
Q1108654	associatedMusicalArtist	Q3810337
Q1108654	associatedMusicalArtist	Q7564312
Q2298462	associatedMusicalArtist	Q2298462
Q21546142	associatedMusicalArtist	Q21609289
Q5277480	associatedMusicalArtist	Q1121084
Q6848007	associatedMusicalArtist	Q5297134
Q6096	associatedMusicalArtist	Q1070141
Q6096	associatedMusicalArtist	Q1320492
Q3991315	associatedMusicalArtist	Q7712421
Q6791008	associatedMusicalArtist	Q526174
Q4572636	associatedMusicalArtist	Q271513
Q1401107	associatedMusicalArtist	Q1335788
Q5627680	associatedMusicalArtist	Q5305771
Q7564554	associatedMusicalArtist	Q7564552
Q679333	associatedMusicalArtist	Q7809183
Q7364677	associatedMusicalArtist	Q850290
Q2551362	associatedMusicalArtist	Q1134615
Q6184503	associatedMusicalArtist	Q2304781
Q516251	associatedMusicalArtist	Q2593631
Q207821	associatedMusicalArtist	Q1444676
Q6770043	associatedMusicalArtist	Q1089650
Q7505117	associatedMusicalArtist	Q388323
Q1344285	associatedMusicalArtist	Q1320492
Q1099153	associatedMusicalArtist	Q547788
Q4876788	associatedMusicalArtist	Q1909261
Q782763	associatedMusicalArtist	Q4019781
Q61285	associatedMusicalArtist	Q322569
Q1440414	associatedMusicalArtist	Q316485
Q638331	associatedMusicalArtist	Q6462607
Q347456	associatedMusicalArtist	Q6484992
Q3239689	associatedMusicalArtist	Q464036
Q296872	associatedMusicalArtist	Q18816161
Q356109	associatedMusicalArtist	Q277230
Q2924425	associatedMusicalArtist	Q277865
Q1369347	associatedMusicalArtist	Q22121828
Q940085	associatedMusicalArtist	Q1892509
Q37175	associatedMusicalArtist	Q19866401
Q79838	associatedMusicalArtist	Q1511761
Q840115	associatedMusicalArtist	Q7752418
Q153725	associatedMusicalArtist	Q483172
Q20657541	associatedMusicalArtist	Q16841838
Q131186	associatedMusicalArtist	Q1511761
Q2165958	associatedMusicalArtist	Q836414
Q2165958	associatedMusicalArtist	Q804260
Q6686258	associatedMusicalArtist	Q6598550
Q6271296	associatedMusicalArtist	Q6598550
Q514197	associatedMusicalArtist	Q6815308
Q514197	associatedMusicalArtist	Q4764411
Q514197	associatedMusicalArtist	Q370374
Q251865	associatedMusicalArtist	Q7339324
Q251865	associatedMusicalArtist	Q16648446
Q312691	associatedMusicalArtist	Q491405
Q366819	associatedMusicalArtist	Q6600531
Q530362	associatedMusicalArtist	Q530362
Q242620	associatedMusicalArtist	Q2765475
Q933598	associatedMusicalArtist	Q3522785
Q503886	associatedMusicalArtist	Q3496301
Q7108500	associatedMusicalArtist	Q7646720
Q460325	associatedMusicalArtist	Q973995
Q460325	associatedMusicalArtist	Q7762566
Q460325	associatedMusicalArtist	Q7755301
Q6264970	associatedMusicalArtist	Q1430380
Q199418	associatedMusicalArtist	Q2734923
Q4078430	associatedMusicalArtist	Q922155
Q6607	associatedMusicalArtist	Q6507678
Q6607	associatedMusicalArtist	Q2832495
Q6607	associatedMusicalArtist	Q7673608
Q6607	associatedMusicalArtist	Q4764411
Q6607	associatedMusicalArtist	Q2203024
Q6607	associatedMusicalArtist	Q3261652
Q6607	associatedMusicalArtist	Q488728
Q6607	associatedMusicalArtist	Q5205658
Q6607	associatedMusicalArtist	Q632499
Q6607	associatedMusicalArtist	Q2961950
Q6607	associatedMusicalArtist	Q547788
Q6607	associatedMusicalArtist	Q5929213
Q6607	associatedMusicalArtist	Q3337758
Q6607	associatedMusicalArtist	Q7317893
Q451076	associatedMusicalArtist	Q880373
Q451076	associatedMusicalArtist	Q6598550
Q451076	associatedMusicalArtist	Q899341
Q451076	associatedMusicalArtist	Q2410892
Q202733	associatedMusicalArtist	Q3489298
Q616015	associatedMusicalArtist	Q664175
Q443721	associatedMusicalArtist	Q1161836
Q5606208	associatedMusicalArtist	Q6598550
Q5606208	associatedMusicalArtist	Q969914
Q5627025	associatedMusicalArtist	Q6575570
Q537899	associatedMusicalArtist	Q5274459
Q537899	associatedMusicalArtist	Q939556
Q537899	associatedMusicalArtist	Q5420702
Q2005601	associatedMusicalArtist	Q1397838
Q168023	associatedMusicalArtist	Q320099
Q324075	associatedMusicalArtist	Q804260
Q167696	associatedMusicalArtist	Q102385
Q167696	associatedMusicalArtist	Q3307228
Q862250	associatedMusicalArtist	Q1535082
Q862250	associatedMusicalArtist	Q388870
Q862250	associatedMusicalArtist	Q25351889
Q5082662	associatedMusicalArtist	Q2168041
Q3192597	associatedMusicalArtist	Q3571048
Q432546	associatedMusicalArtist	Q2390547
Q334288	associatedMusicalArtist	Q2982982
Q4909513	associatedMusicalArtist	Q4828550
Q4909513	associatedMusicalArtist	Q25351894
Q4909513	associatedMusicalArtist	Q683228
Q173144	associatedMusicalArtist	Q18233
Q1652944	associatedMusicalArtist	Q5274459
Q46185	associatedMusicalArtist	Q2961950
Q46185	associatedMusicalArtist	Q547788
Q46185	associatedMusicalArtist	Q7673608
Q46185	associatedMusicalArtist	Q6880394
Q46185	associatedMusicalArtist	Q2832495
Q46185	associatedMusicalArtist	Q6507678
Q46185	associatedMusicalArtist	Q7317893
Q46185	associatedMusicalArtist	Q5205658
Q46185	associatedMusicalArtist	Q3337758
Q46185	associatedMusicalArtist	Q7653142
Q5105955	associatedMusicalArtist	Q11250835
Q5105955	associatedMusicalArtist	Q591279
Q713854	associatedMusicalArtist	Q425772
Q431244	associatedMusicalArtist	Q1724658
Q770702	associatedMusicalArtist	Q11811944
Q770702	associatedMusicalArtist	Q2525354
Q457846	associatedMusicalArtist	Q902795
Q552511	associatedMusicalArtist	Q631595
Q39672	associatedMusicalArtist	Q5121801
Q3430679	associatedMusicalArtist	Q1470712
Q3403555	associatedMusicalArtist	Q945153
Q2307169	associatedMusicalArtist	Q205054
Q2307169	associatedMusicalArtist	Q7751855
Q2307169	associatedMusicalArtist	Q1138179
Q2307169	associatedMusicalArtist	Q7311498
Q503710	associatedMusicalArtist	Q730859
Q503710	associatedMusicalArtist	Q3002661
Q2083623	associatedMusicalArtist	Q743137
Q2083623	associatedMusicalArtist	Q3521672
Q381022	associatedMusicalArtist	Q7748985
Q1346568	associatedMusicalArtist	Q1986332
Q855091	associatedMusicalArtist	Q7616409
Q3032375	associatedMusicalArtist	Q524387
Q4368975	associatedMusicalArtist	Q3522785
Q504658	associatedMusicalArtist	Q379448
Q220140	associatedMusicalArtist	Q158611
Q220140	associatedMusicalArtist	Q7671531
Q220140	associatedMusicalArtist	Q642658
Q220140	associatedMusicalArtist	Q730951
Q4271	associatedMusicalArtist	Q158611
Q506670	associatedMusicalArtist	Q506670
Q3429337	associatedMusicalArtist	Q523957
Q3429337	associatedMusicalArtist	Q1892425
Q273049	associatedMusicalArtist	Q2525354
Q273049	associatedMusicalArtist	Q11811944
Q1295870	associatedMusicalArtist	Q7756866
Q438124	associatedMusicalArtist	Q1183865
Q2501629	associatedMusicalArtist	Q3611642
Q469825	associatedMusicalArtist	Q2412094
Q51319	associatedMusicalArtist	Q1136388
Q5805805	associatedMusicalArtist	Q461962
Q23882049	associatedMusicalArtist	Q1680440
Q1398763	associatedMusicalArtist	Q464836
Q1398763	associatedMusicalArtist	Q17144581
Q1398763	associatedMusicalArtist	Q3776807
Q5531199	associatedMusicalArtist	Q3497137
Q911812	associatedMusicalArtist	Q17100465
Q453604	associatedMusicalArtist	Q631595
Q1127374	associatedMusicalArtist	Q1127374
Q449502	associatedMusicalArtist	Q3776807
Q3367420	associatedMusicalArtist	Q356063
Q968070	associatedMusicalArtist	Q3191333
Q1203	associatedMusicalArtist	Q1299
Q1203	associatedMusicalArtist	Q384664
Q28348	associatedMusicalArtist	Q490339
Q1283316	associatedMusicalArtist	Q7754040
Q5605401	associatedMusicalArtist	Q4540387
Q5605401	associatedMusicalArtist	Q2298743
Q282397	associatedMusicalArtist	Q8000679
Q751814	associatedMusicalArtist	Q751814
Q3314596	associatedMusicalArtist	Q2472812
Q3314596	associatedMusicalArtist	Q335352
Q3314596	associatedMusicalArtist	Q780588
Q371289	associatedMusicalArtist	Q20687584
Q317742	associatedMusicalArtist	Q499665
Q6167162	associatedMusicalArtist	Q8056358
Q6167162	associatedMusicalArtist	Q1127606
Q1864685	associatedMusicalArtist	Q1967950
Q193338	associatedMusicalArtist	Q1887278
Q3637960	associatedMusicalArtist	Q3989048
Q1369920	associatedMusicalArtist	Q6600531
Q963626	associatedMusicalArtist	Q648841
Q963626	associatedMusicalArtist	Q2931053
Q963626	associatedMusicalArtist	Q1344949
Q275437	associatedMusicalArtist	Q749546
Q162667	associatedMusicalArtist	Q7766955
Q203185	associatedMusicalArtist	Q2273116
Q1385386	associatedMusicalArtist	Q691605
Q371986	associatedMusicalArtist	Q615207
Q20876357	associatedMusicalArtist	Q5473329
Q463715	associatedMusicalArtist	Q994172
Q706756	associatedMusicalArtist	Q1145899
Q706756	associatedMusicalArtist	Q1330725
Q1371102	associatedMusicalArtist	Q1420344
Q772463	associatedMusicalArtist	Q6598550
Q202937	associatedMusicalArtist	Q7615609
Q2924425	associatedMusicalArtist	Q3882507
Q2924425	associatedMusicalArtist	Q2667568
Q659558	associatedMusicalArtist	Q459524
Q648341	associatedMusicalArtist	Q7279409
Q236505	associatedMusicalArtist	Q456070
Q236505	associatedMusicalArtist	Q16848429
Q370560	associatedMusicalArtist	Q5188022
Q650889	associatedMusicalArtist	Q2034482
Q4519534	associatedMusicalArtist	Q627617
Q2267893	associatedMusicalArtist	Q523957
Q355784	associatedMusicalArtist	Q1982802
Q369898	associatedMusicalArtist	Q16648446
Q1545284	associatedMusicalArtist	Q18149287
Q409	associatedMusicalArtist	Q2525354
Q409	associatedMusicalArtist	Q11811944
Q3939831	associatedMusicalArtist	Q6598550
Q451278	associatedMusicalArtist	Q4764411
Q2404368	associatedMusicalArtist	Q3776807
Q6199225	associatedMusicalArtist	Q624661
Q3251694	associatedMusicalArtist	Q11647
Q27939	associatedMusicalArtist	Q2832495
Q27939	associatedMusicalArtist	Q2114602
Q27939	associatedMusicalArtist	Q3261652
Q27939	associatedMusicalArtist	Q2203024
Q27939	associatedMusicalArtist	Q4764411
Q2526231	associatedMusicalArtist	Q7754040
Q2526231	associatedMusicalArtist	Q6597322
Q16150161	associatedMusicalArtist	Q6597322
Q500463	associatedMusicalArtist	Q4839176
Q500463	associatedMusicalArtist	Q2774245
Q609032	associatedMusicalArtist	Q5370839
Q439752	associatedMusicalArtist	Q6598550
Q73132	associatedMusicalArtist	Q1179823
Q15873	associatedMusicalArtist	Q841707
Q15873	associatedMusicalArtist	Q846308
Q323467	associatedMusicalArtist	Q1632762
Q323467	associatedMusicalArtist	Q2719793
Q6096	associatedMusicalArtist	Q47021
Q3614176	associatedMusicalArtist	Q1753290
Q3614176	associatedMusicalArtist	Q6598550
Q3614176	associatedMusicalArtist	Q3986127
Q527320	associatedMusicalArtist	Q667389
Q320639	associatedMusicalArtist	Q1986332
Q1268195	associatedMusicalArtist	Q2765883
Q365560	associatedMusicalArtist	Q1684482
Q2523966	associatedMusicalArtist	Q6597322
Q2523966	associatedMusicalArtist	Q3093075
Q2523966	associatedMusicalArtist	Q976882
Q6533435	associatedMusicalArtist	Q6533435
Q213461	associatedMusicalArtist	Q7496764
Q213461	associatedMusicalArtist	Q547788
Q6483440	associatedMusicalArtist	Q4828550
Q6483440	associatedMusicalArtist	Q1645633
Q6483440	associatedMusicalArtist	Q804625
Q389242	associatedMusicalArtist	Q7432109
Q362764	associatedMusicalArtist	Q1684482
Q386854	associatedMusicalArtist	Q3261652
Q60827	associatedMusicalArtist	Q213249
Q1348969	associatedMusicalArtist	Q1343387
Q3814400	associatedMusicalArtist	Q607252
Q7806861	associatedMusicalArtist	Q546534
Q959076	associatedMusicalArtist	Q6600531
Q289064	associatedMusicalArtist	Q1355807
Q2421909	associatedMusicalArtist	Q4051366
Q539506	associatedMusicalArtist	Q7646720
Q539506	associatedMusicalArtist	Q905984
Q343304	associatedMusicalArtist	Q16648446
Q5529629	associatedMusicalArtist	Q927413
Q179150	associatedMusicalArtist	Q907445
Q1695752	associatedMusicalArtist	Q1604960
Q272031	associatedMusicalArtist	Q268160
Q2165214	associatedMusicalArtist	Q17026082
Q2643	associatedMusicalArtist	Q1183865
Q180004	associatedMusicalArtist	Q736088
Q1824699	associatedMusicalArtist	Q1354463
Q778278	associatedMusicalArtist	Q1584103
Q472051	associatedMusicalArtist	Q902795
Q472051	associatedMusicalArtist	Q189635
Q2150733	associatedMusicalArtist	Q16839428
Q2631072	associatedMusicalArtist	Q4764411
Q2917080	associatedMusicalArtist	Q1154614
Q7381861	associatedMusicalArtist	Q547438
Q709594	associatedMusicalArtist	Q17144581
Q314397	associatedMusicalArtist	Q1049145
Q314397	associatedMusicalArtist	Q1343387
Q2346849	associatedMusicalArtist	Q7734416
Q2346849	associatedMusicalArtist	Q2004533
Q4353711	associatedMusicalArtist	Q8058070
Q11989370	associatedMusicalArtist	Q6533861
Q304631	associatedMusicalArtist	Q1031228
Q943448	associatedMusicalArtist	Q3989489
Q943448	associatedMusicalArtist	Q1472348
Q943448	associatedMusicalArtist	Q7432109
Q4965609	associatedMusicalArtist	Q7756919
Q352783	associatedMusicalArtist	Q6800629
Q233541	associatedMusicalArtist	Q742804
Q280657	associatedMusicalArtist	Q379448
Q5568044	associatedMusicalArtist	Q1236887
Q52954	associatedMusicalArtist	Q6507678
Q52954	associatedMusicalArtist	Q5205658
Q52954	associatedMusicalArtist	Q2832495
Q52954	associatedMusicalArtist	Q2203024
Q52954	associatedMusicalArtist	Q2114602
Q52954	associatedMusicalArtist	Q547788
Q52954	associatedMusicalArtist	Q77265
Q52954	associatedMusicalArtist	Q3261652
Q1756214	associatedMusicalArtist	Q1756214
Q3946532	associatedMusicalArtist	Q1538312
Q3928454	associatedMusicalArtist	Q1154614
Q336272	associatedMusicalArtist	Q2265651
Q2279443	associatedMusicalArtist	Q7615609
Q526107	associatedMusicalArtist	Q277551
Q2808	associatedMusicalArtist	Q886070
Q8343	associatedMusicalArtist	Q547788
Q251287	associatedMusicalArtist	Q261341
Q6078	associatedMusicalArtist	Q216856
Q6078	associatedMusicalArtist	Q1701447
Q3299511	associatedMusicalArtist	Q407814
Q7620566	associatedMusicalArtist	Q689921
Q75437	associatedMusicalArtist	Q6113729
Q563517	associatedMusicalArtist	Q631595
Q1163351	associatedMusicalArtist	Q1163351
Q594931	associatedMusicalArtist	Q1638101
Q594931	associatedMusicalArtist	Q16829103
Q7876318	associatedMusicalArtist	Q7876318
Q15490794	associatedMusicalArtist	Q1711571
Q4935625	associatedMusicalArtist	Q813658
Q464833	associatedMusicalArtist	Q1967950
Q464833	associatedMusicalArtist	Q2273116
Q1207295	associatedMusicalArtist	Q2538127
Q1207295	associatedMusicalArtist	Q7754040
Q722042	associatedMusicalArtist	Q3599258
Q722042	associatedMusicalArtist	Q1317079
Q326937	associatedMusicalArtist	Q7766955
Q326937	associatedMusicalArtist	Q7743367
Q453565	associatedMusicalArtist	Q1183865
Q5145020	associatedMusicalArtist	Q7579185
Q3495406	associatedMusicalArtist	Q202314
Q8355	associatedMusicalArtist	Q547788
Q7615616	associatedMusicalArtist	Q316485
Q121956	associatedMusicalArtist	Q923667
Q4679064	associatedMusicalArtist	Q1154614
Q4679064	associatedMusicalArtist	Q7751265
Q318755	associatedMusicalArtist	Q3522785
Q347023	associatedMusicalArtist	Q2719793
Q347023	associatedMusicalArtist	Q1892425
Q1238885	associatedMusicalArtist	Q2719793
Q1238885	associatedMusicalArtist	Q7769580
Q311450	associatedMusicalArtist	Q3197100
Q1334455	associatedMusicalArtist	Q1950423
Q2658828	associatedMusicalArtist	Q942311
Q1164269	associatedMusicalArtist	Q5167078
Q216051	associatedMusicalArtist	Q4728323
Q124720	associatedMusicalArtist	Q124720
Q1066924	associatedMusicalArtist	Q929414
Q3272899	associatedMusicalArtist	Q4910324
Q1096664	associatedMusicalArtist	Q1096664
Q214466	associatedMusicalArtist	Q902795
Q3857375	associatedMusicalArtist	Q179898
Q3857375	associatedMusicalArtist	Q5998427
Q392	associatedMusicalArtist	Q332399
Q14031788	associatedMusicalArtist	Q591279
Q312797	associatedMusicalArtist	Q1031228
Q2897920	associatedMusicalArtist	Q16829103
Q918535	associatedMusicalArtist	Q1183865
Q335579	associatedMusicalArtist	Q4143041
Q335579	associatedMusicalArtist	Q3020156
Q312559	associatedMusicalArtist	Q4728323
Q888316	associatedMusicalArtist	Q25351889
Q220889	associatedMusicalArtist	Q516402
Q2593862	associatedMusicalArtist	Q7713970
Q2593862	associatedMusicalArtist	Q1051182
Q313820	associatedMusicalArtist	Q1183865
Q2517349	associatedMusicalArtist	Q6575570
Q2517349	associatedMusicalArtist	Q371372
Q2517349	associatedMusicalArtist	Q6483848
Q822413	associatedMusicalArtist	Q7776316
Q5290049	associatedMusicalArtist	Q1680440
Q232397	associatedMusicalArtist	Q1576623
Q335598	associatedMusicalArtist	Q657617
Q335598	associatedMusicalArtist	Q994172
Q372278	associatedMusicalArtist	Q3950759
Q372278	associatedMusicalArtist	Q16648446
Q770668	associatedMusicalArtist	Q7762650
Q918484	associatedMusicalArtist	Q1812612
Q346794	associatedMusicalArtist	Q731262
Q939194	associatedMusicalArtist	Q3372991
Q1136507	associatedMusicalArtist	Q547788
Q708439	associatedMusicalArtist	Q1684482
Q4761126	associatedMusicalArtist	Q2294322
Q734756	associatedMusicalArtist	Q15052662
Q6173960	associatedMusicalArtist	Q7537291
Q983618	associatedMusicalArtist	Q649114
Q1282800	associatedMusicalArtist	Q1049145
Q1748008	associatedMusicalArtist	Q771322
Q780787	associatedMusicalArtist	Q7194750
Q683228	associatedMusicalArtist	Q7460737
Q2579371	associatedMusicalArtist	Q6878335
Q7928125	associatedMusicalArtist	Q7099092
Q838269	associatedMusicalArtist	Q7737085
Q123913	associatedMusicalArtist	Q706575
Q437645	associatedMusicalArtist	Q1392576
Q437645	associatedMusicalArtist	Q3844628
Q1607873	associatedMusicalArtist	Q7743367
Q686640	associatedMusicalArtist	Q1806264
Q346607	associatedMusicalArtist	Q7752677
Q428798	associatedMusicalArtist	Q2982982
Q1350527	associatedMusicalArtist	Q1420833
Q6881218	associatedMusicalArtist	Q1806970
Q6881218	associatedMusicalArtist	Q3758001
Q1109114	associatedMusicalArtist	Q591279
Q3492567	associatedMusicalArtist	Q7320418
Q165467	associatedMusicalArtist	Q648841
Q1327327	associatedMusicalArtist	Q547788
Q2073334	associatedMusicalArtist	Q945153
Q61272	associatedMusicalArtist	Q394142
Q127495	associatedMusicalArtist	Q7762650
Q534083	associatedMusicalArtist	Q534083
Q4730965	associatedMusicalArtist	Q1255792
Q128121	associatedMusicalArtist	Q4728323
Q1936441	associatedMusicalArtist	Q2908024
Q1936441	associatedMusicalArtist	Q4951672
Q1360707	associatedMusicalArtist	Q1806264
Q1360707	associatedMusicalArtist	Q3520575
Q1360707	associatedMusicalArtist	Q16824077
Q230523	associatedMusicalArtist	Q981129
Q4405477	associatedMusicalArtist	Q731262
Q7533931	associatedMusicalArtist	Q7533931
Q1933243	associatedMusicalArtist	Q7712413
Q313683	associatedMusicalArtist	Q1343387
Q438688	associatedMusicalArtist	Q2664715
Q705596	associatedMusicalArtist	Q1967686
Q1640877	associatedMusicalArtist	Q902795
Q1640877	associatedMusicalArtist	Q154454
Q723430	associatedMusicalArtist	Q483285
Q723430	associatedMusicalArtist	Q1810769
Q723430	associatedMusicalArtist	Q3304580
Q723430	associatedMusicalArtist	Q1431999
Q386747	associatedMusicalArtist	Q7460737
Q445448	associatedMusicalArtist	Q1849334
Q150916	associatedMusicalArtist	Q2304781
Q150916	associatedMusicalArtist	Q616239
Q229379	associatedMusicalArtist	Q2735737
Q313470	associatedMusicalArtist	Q1140096
Q1955143	associatedMusicalArtist	Q1813605
Q1955143	associatedMusicalArtist	Q1128045
Q395013	associatedMusicalArtist	Q395013
Q3364302	associatedMusicalArtist	Q2265651
Q2151155	associatedMusicalArtist	Q4912802
Q923253	associatedMusicalArtist	Q4764411
Q222071	associatedMusicalArtist	Q624790
Q222071	associatedMusicalArtist	Q619305
Q7382580	associatedMusicalArtist	Q2117346
Q956094	associatedMusicalArtist	Q1760428
Q234099	associatedMusicalArtist	Q477793
Q234099	associatedMusicalArtist	Q174291
Q379341	associatedMusicalArtist	Q893007
Q458253	associatedMusicalArtist	Q1115087
Q606889	associatedMusicalArtist	Q531379
Q957289	associatedMusicalArtist	Q385618
Q71745	associatedMusicalArtist	Q7755301
Q451088	associatedMusicalArtist	Q957090
Q359521	associatedMusicalArtist	Q4764411
Q463185	associatedMusicalArtist	Q3372991
Q463185	associatedMusicalArtist	Q1849334
Q6200386	associatedMusicalArtist	Q2338971
Q3809304	associatedMusicalArtist	Q6669284
Q42025	associatedMusicalArtist	Q3522785
Q981603	associatedMusicalArtist	Q1049145
Q1349337	associatedMusicalArtist	Q7776316
Q4161067	associatedMusicalArtist	Q4693565
Q5312785	associatedMusicalArtist	Q7699681
Q409259	associatedMusicalArtist	Q2719793
Q409259	associatedMusicalArtist	Q1120697
Q5526080	associatedMusicalArtist	Q18149287
Q8446	associatedMusicalArtist	Q11649
Q8446	associatedMusicalArtist	Q931863
Q3179049	associatedMusicalArtist	Q2913375
Q3179049	associatedMusicalArtist	Q2874801
Q344784	associatedMusicalArtist	Q7776730
Q1473918	associatedMusicalArtist	Q1584103
Q4767711	associatedMusicalArtist	Q2415021
Q1711470	associatedMusicalArtist	Q4900381
Q1711470	associatedMusicalArtist	Q6381357
Q1711470	associatedMusicalArtist	Q7281471
Q724501	associatedMusicalArtist	Q2941016
Q724501	associatedMusicalArtist	Q7876022
Q3733720	associatedMusicalArtist	Q6453749
Q328330	associatedMusicalArtist	Q7733164
Q188973	associatedMusicalArtist	Q652310
Q5228781	associatedMusicalArtist	Q6699063
Q244441	associatedMusicalArtist	Q458265
Q7390	associatedMusicalArtist	Q2961950
Q547373	associatedMusicalArtist	Q16824077
Q7612630	associatedMusicalArtist	Q7768207
Q583470	associatedMusicalArtist	Q994172
Q846265	associatedMusicalArtist	Q1066740
Q2165976	associatedMusicalArtist	Q1500973
Q2165976	associatedMusicalArtist	Q812073
Q6848648	associatedMusicalArtist	Q6256996
Q311785	associatedMusicalArtist	Q1584103
Q191000	associatedMusicalArtist	Q547788
Q3168992	associatedMusicalArtist	Q209182
Q1040186	associatedMusicalArtist	Q1183865
Q2726246	associatedMusicalArtist	Q281253
Q3935800	associatedMusicalArtist	Q6597322
Q292506	associatedMusicalArtist	Q1031228
Q292506	associatedMusicalArtist	Q7755301
Q352854	associatedMusicalArtist	Q880533
Q5740374	associatedMusicalArtist	Q1048987
Q969845	associatedMusicalArtist	Q1161748
Q969845	associatedMusicalArtist	Q959629
Q2240506	associatedMusicalArtist	Q7748297
Q370440	associatedMusicalArtist	Q750927
Q522201	associatedMusicalArtist	Q1420833
Q179682	associatedMusicalArtist	Q18233
Q73437	associatedMusicalArtist	Q349038
Q73437	associatedMusicalArtist	Q1157004
Q73437	associatedMusicalArtist	Q726694
Q2208408	associatedMusicalArtist	Q1757838
Q5336436	associatedMusicalArtist	Q1813605
Q310708	associatedMusicalArtist	Q2664715
Q310708	associatedMusicalArtist	Q731262
Q310708	associatedMusicalArtist	Q2114602
Q531934	associatedMusicalArtist	Q7460737
Q3807966	associatedMusicalArtist	Q609951
Q2454497	associatedMusicalArtist	Q627617
Q7976116	associatedMusicalArtist	Q7713970
Q4962137	associatedMusicalArtist	Q147129
Q1647656	associatedMusicalArtist	Q6933925
Q215182	associatedMusicalArtist	Q1339877
Q215182	associatedMusicalArtist	Q17145609
Q944494	associatedMusicalArtist	Q795030
Q289821	associatedMusicalArtist	Q1935620
Q1190382	associatedMusicalArtist	Q6462607
Q6439709	associatedMusicalArtist	Q6439709
Q350353	associatedMusicalArtist	Q6600531
Q3544489	associatedMusicalArtist	Q1433231
Q3433372	associatedMusicalArtist	Q378491
Q252474	associatedMusicalArtist	Q1935620
Q164119	associatedMusicalArtist	Q2670582
Q2557820	associatedMusicalArtist	Q5377971
Q3964851	associatedMusicalArtist	Q741801
Q2258851	associatedMusicalArtist	Q933207
Q311970	associatedMusicalArtist	Q151241
Q2521408	associatedMusicalArtist	Q3258949
Q7405395	associatedMusicalArtist	Q7563208
Q31687	associatedMusicalArtist	Q7754543
Q1435910	associatedMusicalArtist	Q430638
Q1077158	associatedMusicalArtist	Q7755301
Q1077158	associatedMusicalArtist	Q1500073
Q1077158	associatedMusicalArtist	Q5639170
Q6271628	associatedMusicalArtist	Q16829103
Q6271628	associatedMusicalArtist	Q2398512
Q6271628	associatedMusicalArtist	Q489801
Q220971	associatedMusicalArtist	Q547788
Q78987	associatedMusicalArtist	Q2114602
Q5195350	associatedMusicalArtist	Q18149287
Q3849439	associatedMusicalArtist	Q1680440
Q3849439	associatedMusicalArtist	Q1951576
Q826598	associatedMusicalArtist	Q1892425
Q826598	associatedMusicalArtist	Q2931053
Q826598	associatedMusicalArtist	Q1780451
Q826598	associatedMusicalArtist	Q523957
Q353973	associatedMusicalArtist	Q360484
Q1347221	associatedMusicalArtist	Q8000679
Q366671	associatedMusicalArtist	Q7432109
Q6386159	associatedMusicalArtist	Q9550131
Q6386159	associatedMusicalArtist	Q1231142
Q208681	associatedMusicalArtist	Q261341
Q192114	associatedMusicalArtist	Q3489298
Q456386	associatedMusicalArtist	Q540500
Q722876	associatedMusicalArtist	Q460542
Q722876	associatedMusicalArtist	Q6784000
Q722876	associatedMusicalArtist	Q1916282
Q4008478	associatedMusicalArtist	Q880845
Q19561185	associatedMusicalArtist	Q7721393
Q763392	associatedMusicalArtist	Q763392
Q2534034	associatedMusicalArtist	Q1592634
Q2534034	associatedMusicalArtist	Q3258949
Q1099153	associatedMusicalArtist	Q547788
Q5210569	associatedMusicalArtist	Q7741203
Q11885	associatedMusicalArtist	Q1037763
Q204385	associatedMusicalArtist	Q683695
Q48737	associatedMusicalArtist	Q1592472
Q705743	associatedMusicalArtist	Q4930330
Q269500	associatedMusicalArtist	Q8000595
Q6394478	associatedMusicalArtist	Q3391574
Q371348	associatedMusicalArtist	Q1670579
Q1071840	associatedMusicalArtist	Q1065887
Q545776	associatedMusicalArtist	Q7718858
Q545776	associatedMusicalArtist	Q3987318
Q267471	associatedMusicalArtist	Q7876908
Q937564	associatedMusicalArtist	Q764671
Q540655	associatedMusicalArtist	Q1986332
Q540655	associatedMusicalArtist	Q487435
Q20740907	associatedMusicalArtist	Q6143490
Q8350	associatedMusicalArtist	Q488728
Q1170417	associatedMusicalArtist	Q1346522
Q425772	associatedMusicalArtist	Q1584103
Q1357035	associatedMusicalArtist	Q1323738
Q128309	associatedMusicalArtist	Q632499
Q128309	associatedMusicalArtist	Q2832495
Q128309	associatedMusicalArtist	Q7653142
Q128309	associatedMusicalArtist	Q5205658
Q128309	associatedMusicalArtist	Q77265
Q128309	associatedMusicalArtist	Q6507678
Q128309	associatedMusicalArtist	Q2203024
Q128309	associatedMusicalArtist	Q2114602
Q128309	associatedMusicalArtist	Q2961950
Q6968744	associatedMusicalArtist	Q523449
Q6070186	associatedMusicalArtist	Q7766955
Q666338	associatedMusicalArtist	Q666338
Q1523853	associatedMusicalArtist	Q1307025
Q615625	associatedMusicalArtist	Q507914
Q921204	associatedMusicalArtist	Q1073261
Q4260305	associatedMusicalArtist	Q1584103
Q4260305	associatedMusicalArtist	Q880373
Q611816	associatedMusicalArtist	Q615207
Q317161	associatedMusicalArtist	Q1684482
Q1444	associatedMusicalArtist	Q3882803
Q6769064	associatedMusicalArtist	Q906619
Q6769064	associatedMusicalArtist	Q5234436
Q6154655	associatedMusicalArtist	Q1418857
Q615803	associatedMusicalArtist	Q2733408
Q356986	associatedMusicalArtist	Q600344
Q432203	associatedMusicalArtist	Q7755301
Q1770657	associatedMusicalArtist	Q1771590
Q4957465	associatedMusicalArtist	Q7250049
Q5605558	associatedMusicalArtist	Q1779944
Q1304365	associatedMusicalArtist	Q1317079
Q44721	associatedMusicalArtist	Q266782
Q236527	associatedMusicalArtist	Q3098957
Q659238	associatedMusicalArtist	Q3832439
Q205368	associatedMusicalArtist	Q485512
Q3192163	associatedMusicalArtist	Q2177991
Q536322	associatedMusicalArtist	Q2719793
Q536322	associatedMusicalArtist	Q28974
Q465897	associatedMusicalArtist	Q1329167
Q918502	associatedMusicalArtist	Q459390
Q177111	associatedMusicalArtist	Q7754040
Q725884	associatedMusicalArtist	Q17144581
Q16016281	associatedMusicalArtist	Q2030958
Q5594480	associatedMusicalArtist	Q462770
Q1334162	associatedMusicalArtist	Q1183865
Q968014	associatedMusicalArtist	Q1986332
Q285254	associatedMusicalArtist	Q7769580
Q285254	associatedMusicalArtist	Q1330725
Q700119	associatedMusicalArtist	Q700119
Q5229672	associatedMusicalArtist	Q221021
Q7340069	associatedMusicalArtist	Q1471676
Q691076	associatedMusicalArtist	Q2765475
Q1155385	associatedMusicalArtist	Q1155385
Q432687	associatedMusicalArtist	Q432687
Q770848	associatedMusicalArtist	Q1133179
Q920073	associatedMusicalArtist	Q3987318
Q920073	associatedMusicalArtist	Q7718858
Q285190	associatedMusicalArtist	Q285190
Q973580	associatedMusicalArtist	Q427498
Q961217	associatedMusicalArtist	Q4000198
Q614189	associatedMusicalArtist	Q570025
Q1385135	associatedMusicalArtist	Q885770
Q1385135	associatedMusicalArtist	Q7775581
Q1346874	associatedMusicalArtist	Q1986332
Q3181024	associatedMusicalArtist	Q3328060
Q275625	associatedMusicalArtist	Q694447
Q3120786	associatedMusicalArtist	Q1799903
Q225842	associatedMusicalArtist	Q2664715
Q505493	associatedMusicalArtist	Q629689
Q7812568	associatedMusicalArtist	Q5234436
Q7812568	associatedMusicalArtist	Q4930330
Q920490	associatedMusicalArtist	Q1684482
Q311715	associatedMusicalArtist	Q1684482
Q16732343	associatedMusicalArtist	Q11301962
Q1347550	associatedMusicalArtist	Q1568465
Q539944	associatedMusicalArtist	Q600344
Q6532446	associatedMusicalArtist	Q2078198
Q7460737	associatedMusicalArtist	Q683228
Q3161191	associatedMusicalArtist	Q1051182
Q183092	associatedMusicalArtist	Q7766955
Q183092	associatedMusicalArtist	Q3986134
Q3098580	associatedMusicalArtist	Q7102542
Q5947626	associatedMusicalArtist	Q1182539
Q7177458	associatedMusicalArtist	Q653632
Q7177458	associatedMusicalArtist	Q1286161
Q762693	associatedMusicalArtist	Q841778
Q7821969	associatedMusicalArtist	Q1975827
Q1740276	associatedMusicalArtist	Q3328060
Q1740276	associatedMusicalArtist	Q7728772
Q5043075	associatedMusicalArtist	Q994172
Q7340874	associatedMusicalArtist	Q13551451
Q7340874	associatedMusicalArtist	Q455320
Q537386	associatedMusicalArtist	Q1638101
Q4758873	associatedMusicalArtist	Q1891331
Q4758873	associatedMusicalArtist	Q2117518
Q27914	associatedMusicalArtist	Q7754543
Q5317990	associatedMusicalArtist	Q4357549
Q8371	associatedMusicalArtist	Q547788
Q277976	associatedMusicalArtist	Q6061091
Q552878	associatedMusicalArtist	Q914074
Q993459	associatedMusicalArtist	Q7728141
Q4356235	associatedMusicalArtist	Q7662953
Q4356235	associatedMusicalArtist	Q2293106
Q4356235	associatedMusicalArtist	Q6047515
Q453074	associatedMusicalArtist	Q648841
Q234685	associatedMusicalArtist	Q1857842
Q5205355	associatedMusicalArtist	Q13642302
Q19198	associatedMusicalArtist	Q627617
Q19198	associatedMusicalArtist	Q329270
Q2170880	associatedMusicalArtist	Q905984
Q181484	associatedMusicalArtist	Q191915
Q976193	associatedMusicalArtist	Q2095846
Q5528087	associatedMusicalArtist	Q1164269
Q133163	associatedMusicalArtist	Q547788
Q133163	associatedMusicalArtist	Q3261652
Q6742671	associatedMusicalArtist	Q5025961
Q1164775	associatedMusicalArtist	Q886036
Q8338	associatedMusicalArtist	Q547788
Q8338	associatedMusicalArtist	Q2961950
Q1956512	associatedMusicalArtist	Q1136388
Q210741	associatedMusicalArtist	Q187709
Q163759	associatedMusicalArtist	Q547788
Q178112	associatedMusicalArtist	Q2719793
Q709464	associatedMusicalArtist	Q2044501
Q709464	associatedMusicalArtist	Q16824077
Q240509	associatedMusicalArtist	Q188464
Q167757	associatedMusicalArtist	Q683228
Q164757	associatedMusicalArtist	Q7769580
Q654317	associatedMusicalArtist	Q3988300
Q2422421	associatedMusicalArtist	Q649114
Q2422421	associatedMusicalArtist	Q3486139
Q324359	associatedMusicalArtist	Q2525354
Q324359	associatedMusicalArtist	Q11811944
Q605063	associatedMusicalArtist	Q516402
Q3830197	associatedMusicalArtist	Q205356
Q3481634	associatedMusicalArtist	Q2704085
Q266676	associatedMusicalArtist	Q2915085
Q6846009	associatedMusicalArtist	Q7169403
Q489293	associatedMusicalArtist	Q371642
Q168015	associatedMusicalArtist	Q5395971
Q924717	associatedMusicalArtist	Q7742464
Q1305963	associatedMusicalArtist	Q286202
Q1343669	associatedMusicalArtist	Q1644419
Q3170674	associatedMusicalArtist	Q2098530
Q204112	associatedMusicalArtist	Q22121828
Q204112	associatedMusicalArtist	Q1036439
Q3703326	associatedMusicalArtist	Q16848429
Q3703326	associatedMusicalArtist	Q456070
Q5186984	associatedMusicalArtist	Q5186984
Q6271100	associatedMusicalArtist	Q1364657
Q491772	associatedMusicalArtist	Q4347181
Q921695	associatedMusicalArtist	Q7774898
Q723690	associatedMusicalArtist	Q2664715
Q465196	associatedMusicalArtist	Q528912
Q3395293	associatedMusicalArtist	Q782745
Q234939	associatedMusicalArtist	Q1355807
Q967230	associatedMusicalArtist	Q1684482
Q2711746	associatedMusicalArtist	Q6544236
Q280077	associatedMusicalArtist	Q1079001
Q704955	associatedMusicalArtist	Q465198
Q704955	associatedMusicalArtist	Q5305754
Q7542	associatedMusicalArtist	Q1757838
Q7542	associatedMusicalArtist	Q519725
Q4708271	associatedMusicalArtist	Q4837594
Q6115879	associatedMusicalArtist	Q4540387
Q4661928	associatedMusicalArtist	Q570025
Q2638752	associatedMusicalArtist	Q607475
Q1276886	associatedMusicalArtist	Q1276886
Q7366902	associatedMusicalArtist	Q6214254
Q728753	associatedMusicalArtist	Q6815308
Q1685863	associatedMusicalArtist	Q1684482
Q315723	associatedMusicalArtist	Q458265
Q3498981	associatedMusicalArtist	Q388870
Q3498981	associatedMusicalArtist	Q694447
Q1965618	associatedMusicalArtist	Q2410866
Q1965618	associatedMusicalArtist	Q6143490
Q5105941	associatedMusicalArtist	Q3066614
Q5383	associatedMusicalArtist	Q1544144
Q755830	associatedMusicalArtist	Q432211
Q7742873	associatedMusicalArtist	Q7742873
Q13564789	associatedMusicalArtist	Q1381587
Q429046	associatedMusicalArtist	Q222760
Q459007	associatedMusicalArtist	Q1344949
Q471783	associatedMusicalArtist	Q7998815
Q213229	associatedMusicalArtist	Q6598550
Q710588	associatedMusicalArtist	Q11811944
Q710588	associatedMusicalArtist	Q2525354
Q1375699	associatedMusicalArtist	Q516402
Q1145565	associatedMusicalArtist	Q1684482
Q933013	associatedMusicalArtist	Q3047583
Q1153613	associatedMusicalArtist	Q4764411
Q36153	associatedMusicalArtist	Q153056
Q363260	associatedMusicalArtist	Q7733237
Q173637	associatedMusicalArtist	Q1143920
Q173637	associatedMusicalArtist	Q216856
Q534842	associatedMusicalArtist	Q1684482
Q11405	associatedMusicalArtist	Q547788
Q48996	associatedMusicalArtist	Q1892425
Q798487	associatedMusicalArtist	Q2832495
Q862342	associatedMusicalArtist	Q1133179
Q218031	associatedMusicalArtist	Q1330725
Q218031	associatedMusicalArtist	Q994172
Q218031	associatedMusicalArtist	Q2719793
Q313705	associatedMusicalArtist	Q1756608
Q6384639	associatedMusicalArtist	Q18157265
Q2355637	associatedMusicalArtist	Q595240
Q123870	associatedMusicalArtist	Q1343387
Q15285290	associatedMusicalArtist	Q6598550
Q552649	associatedMusicalArtist	Q6575570
Q552649	associatedMusicalArtist	Q6878335
Q215017	associatedMusicalArtist	Q1135582
Q1368616	associatedMusicalArtist	Q178642
Q726379	associatedMusicalArtist	Q18157265
Q523449	associatedMusicalArtist	Q845790
Q782528	associatedMusicalArtist	Q3496301
Q3434186	associatedMusicalArtist	Q6256996
Q449442	associatedMusicalArtist	Q22121828
Q1494885	associatedMusicalArtist	Q609951
Q374962	associatedMusicalArtist	Q726694
Q3299750	associatedMusicalArtist	Q491448
Q34166	associatedMusicalArtist	Q16648446
Q34166	associatedMusicalArtist	Q7339324
Q6289206	associatedMusicalArtist	Q4915044
Q6289206	associatedMusicalArtist	Q1469760
Q1508839	associatedMusicalArtist	Q1422247
Q6161048	associatedMusicalArtist	Q1431999
Q6161048	associatedMusicalArtist	Q3987599
Q721474	associatedMusicalArtist	Q11811940
Q204943	associatedMusicalArtist	Q886036
Q204943	associatedMusicalArtist	Q1967686
Q355669	associatedMusicalArtist	Q3047583
Q6161417	associatedMusicalArtist	Q1219807
Q585984	associatedMusicalArtist	Q1892425
Q925123	associatedMusicalArtist	Q1472145
Q11404	associatedMusicalArtist	Q3337758
Q540440	associatedMusicalArtist	Q7752212
Q16727433	associatedMusicalArtist	Q5420702
Q434968	associatedMusicalArtist	Q973995
Q366747	associatedMusicalArtist	Q1330725
Q4270	associatedMusicalArtist	Q482477
Q4270	associatedMusicalArtist	Q730951
Q80019	associatedMusicalArtist	Q547788
Q235388	associatedMusicalArtist	Q2153861
Q5096420	associatedMusicalArtist	Q1165900
Q16726247	associatedMusicalArtist	Q1645996
Q921542	associatedMusicalArtist	Q6600531
Q954944	associatedMusicalArtist	Q6598550
Q131814	associatedMusicalArtist	Q1165506
Q4771946	associatedMusicalArtist	Q158599
Q42455	associatedMusicalArtist	Q286202
Q42455	associatedMusicalArtist	Q876705
Q345190	associatedMusicalArtist	Q4166524
Q5228987	associatedMusicalArtist	Q222517
Q1132412	associatedMusicalArtist	Q3020156
Q506777	associatedMusicalArtist	Q1474555
Q2636166	associatedMusicalArtist	Q28974
Q6788269	associatedMusicalArtist	Q945153
Q2524092	associatedMusicalArtist	Q2925560
Q2609764	associatedMusicalArtist	Q11811940
Q14045	associatedMusicalArtist	Q462148
Q14045	associatedMusicalArtist	Q1584103
Q14711	associatedMusicalArtist	Q346701
Q7155121	associatedMusicalArtist	Q8058070
Q6846483	associatedMusicalArtist	Q1240650
Q5567608	associatedMusicalArtist	Q7432109
Q505486	associatedMusicalArtist	Q2839081
Q269549	associatedMusicalArtist	Q6671303
Q1108654	associatedMusicalArtist	Q178969
Q2917034	associatedMusicalArtist	Q16648446
Q3635227	associatedMusicalArtist	Q11811940
Q873384	associatedMusicalArtist	Q873384
Q6539607	associatedMusicalArtist	Q6800629
Q181844	associatedMusicalArtist	Q1324723
Q48187	associatedMusicalArtist	Q1343387
Q48187	associatedMusicalArtist	Q1183865
Q379120	associatedMusicalArtist	Q379120
Q318619	associatedMusicalArtist	Q1684482
Q3376401	associatedMusicalArtist	Q15706519
Q3376401	associatedMusicalArtist	Q7619179
Q901192	associatedMusicalArtist	Q5205658
Q653868	associatedMusicalArtist	Q653868
Q208871	associatedMusicalArtist	Q1165506
Q6153639	associatedMusicalArtist	Q2344956
Q204751	associatedMusicalArtist	Q932924
Q589313	associatedMusicalArtist	Q7747979
Q5305104	associatedMusicalArtist	Q5305104
Q766551	associatedMusicalArtist	Q7742464
Q443818	associatedMusicalArtist	Q20684586
Q315711	associatedMusicalArtist	Q1760428
Q192474	associatedMusicalArtist	Q648841
Q192474	associatedMusicalArtist	Q1190060
Q524114	associatedMusicalArtist	Q2925560
Q1839361	associatedMusicalArtist	Q15044458
Q1839361	associatedMusicalArtist	Q931544
Q1839361	associatedMusicalArtist	Q7499890
Q498729	associatedMusicalArtist	Q1684482
Q778055	associatedMusicalArtist	Q1542338
Q504485	associatedMusicalArtist	Q1146292
Q893007	associatedMusicalArtist	Q1344949
Q42482	associatedMusicalArtist	Q42482
Q319374	associatedMusicalArtist	Q1183865
Q49734	associatedMusicalArtist	Q211277
Q211731	associatedMusicalArtist	Q700817
Q15059512	associatedMusicalArtist	Q15229258
Q8354029	associatedMusicalArtist	Q5639170
Q918849	associatedMusicalArtist	Q1457648
Q7382600	associatedMusicalArtist	Q7547541
Q780037	associatedMusicalArtist	Q1684482
Q5271419	associatedMusicalArtist	Q1858715
Q529576	associatedMusicalArtist	Q5304418
Q594362	associatedMusicalArtist	Q594362
Q316878	associatedMusicalArtist	Q1307025
Q42775	associatedMusicalArtist	Q261341
Q6410514	associatedMusicalArtist	Q1430484
Q561390	associatedMusicalArtist	Q7007840
Q561390	associatedMusicalArtist	Q749979
Q3041560	associatedMusicalArtist	Q678410
Q360501	associatedMusicalArtist	Q1986332
Q542681	associatedMusicalArtist	Q7063993
Q542681	associatedMusicalArtist	Q1120697
Q542681	associatedMusicalArtist	Q841778
Q554422	associatedMusicalArtist	Q600344
Q46976	associatedMusicalArtist	Q522463
Q17104048	associatedMusicalArtist	Q7712413
Q266782	associatedMusicalArtist	Q1584103
Q261344	associatedMusicalArtist	Q691568
Q1811722	associatedMusicalArtist	Q443135
Q4954251	associatedMusicalArtist	Q7762699
Q1350353	associatedMusicalArtist	Q516712
Q4868181	associatedMusicalArtist	Q517472
Q366588	associatedMusicalArtist	Q3844628
Q366588	associatedMusicalArtist	Q373702
Q1630689	associatedMusicalArtist	Q2941016
Q1373482	associatedMusicalArtist	Q3725354
Q2330552	associatedMusicalArtist	Q7699681
Q7297469	associatedMusicalArtist	Q1049145
Q2706308	associatedMusicalArtist	Q17100465
Q4954076	associatedMusicalArtist	Q3950954
Q464619	associatedMusicalArtist	Q2982982
Q2734092	associatedMusicalArtist	Q985460
Q672432	associatedMusicalArtist	Q672432
Q158641	associatedMusicalArtist	Q158641
Q6979140	associatedMusicalArtist	Q1190060
Q5067855	associatedMusicalArtist	Q5067855
Q4759874	associatedMusicalArtist	Q519725
Q6549016	associatedMusicalArtist	Q4764411
Q455545	associatedMusicalArtist	Q7754040
Q532053	associatedMusicalArtist	Q1473439
Q270546	associatedMusicalArtist	Q211770
Q4810578	associatedMusicalArtist	Q371535
Q638241	associatedMusicalArtist	Q638241
Q4495771	associatedMusicalArtist	Q3241839
Q6194631	associatedMusicalArtist	Q2298743
Q203802	associatedMusicalArtist	Q4764411
Q278108	associatedMusicalArtist	Q3888899
Q3499035	associatedMusicalArtist	Q591279
Q16193295	associatedMusicalArtist	Q1024639
Q1459550	associatedMusicalArtist	Q782889
Q361888	associatedMusicalArtist	Q615207
Q313941	associatedMusicalArtist	Q902795
Q1340444	associatedMusicalArtist	Q1340444
Q1773505	associatedMusicalArtist	Q7728772
Q311050	associatedMusicalArtist	Q983933
Q1041700	associatedMusicalArtist	Q2032479
Q3810337	associatedMusicalArtist	Q3810337
Q1818166	associatedMusicalArtist	Q2719793
Q311382	associatedMusicalArtist	Q3391574
Q311382	associatedMusicalArtist	Q231567
Q863086	associatedMusicalArtist	Q1785777
Q863086	associatedMusicalArtist	Q5121801
Q465702	associatedMusicalArtist	Q386689
Q708782	associatedMusicalArtist	Q7759377
Q708782	associatedMusicalArtist	Q1421054
Q941510	associatedMusicalArtist	Q4806372
Q523837	associatedMusicalArtist	Q6991846
Q378072	associatedMusicalArtist	Q1243743
Q378072	associatedMusicalArtist	Q15790827
Q911923	associatedMusicalArtist	Q1798554
Q3938167	associatedMusicalArtist	Q2268060
Q202027	associatedMusicalArtist	Q547788
Q46755	associatedMusicalArtist	Q1146292
Q559599	associatedMusicalArtist	Q5304418
Q369174	associatedMusicalArtist	Q2908015
Q1933313	associatedMusicalArtist	Q5234436
Q103651	associatedMusicalArtist	Q1146292
Q524360	associatedMusicalArtist	Q1357140
Q1405258	associatedMusicalArtist	Q18852
Q312053	associatedMusicalArtist	Q927413
Q312053	associatedMusicalArtist	Q491405
Q2846128	associatedMusicalArtist	Q995805
Q661342	associatedMusicalArtist	Q4764411
Q272382	associatedMusicalArtist	Q747512
Q543484	associatedMusicalArtist	Q46644
Q40912	associatedMusicalArtist	Q1131736
Q296872	associatedMusicalArtist	Q133405
Q16194752	associatedMusicalArtist	Q583556
Q1251883	associatedMusicalArtist	Q1684482
Q1511133	associatedMusicalArtist	Q1511133
Q1346329	associatedMusicalArtist	Q7732957
Q6268928	associatedMusicalArtist	Q954429
Q2779711	associatedMusicalArtist	Q7537291
Q259850	associatedMusicalArtist	Q880422
Q2836785	associatedMusicalArtist	Q7268249
Q1174183	associatedMusicalArtist	Q3647399
Q810447	associatedMusicalArtist	Q77265
Q234356	associatedMusicalArtist	Q430638
Q117270	associatedMusicalArtist	Q1934913
Q939402	associatedMusicalArtist	Q4930330
Q1492082	associatedMusicalArtist	Q1480687
Q453406	associatedMusicalArtist	Q28974
Q971422	associatedMusicalArtist	Q3372991
Q2599	associatedMusicalArtist	Q622988
Q2599	associatedMusicalArtist	Q384664
Q2599	associatedMusicalArtist	Q1299
Q1170564	associatedMusicalArtist	Q740696
Q943714	associatedMusicalArtist	Q939311
Q15880	associatedMusicalArtist	Q846308
Q15880	associatedMusicalArtist	Q841707
Q1165563	associatedMusicalArtist	Q1140107
Q2353921	associatedMusicalArtist	Q893007
Q2353921	associatedMusicalArtist	Q2931053
Q2353921	associatedMusicalArtist	Q2719793
Q7094208	associatedMusicalArtist	Q885173
Q346822	associatedMusicalArtist	Q691001
Q6318174	associatedMusicalArtist	Q2398512
Q3020626	associatedMusicalArtist	Q2719793
Q1857514	associatedMusicalArtist	Q1887278
Q538546	associatedMusicalArtist	Q4941934
Q4574558	associatedMusicalArtist	Q5694618
Q5386397	associatedMusicalArtist	Q1500073
Q1065943	associatedMusicalArtist	Q1065943
Q220351	associatedMusicalArtist	Q3776807
Q434220	associatedMusicalArtist	Q2664715
Q1401107	associatedMusicalArtist	Q1500073
Q2041904	associatedMusicalArtist	Q4951672
Q169461	associatedMusicalArtist	Q211528
Q713202	associatedMusicalArtist	Q516402
Q713202	associatedMusicalArtist	Q1632876
Q725184	associatedMusicalArtist	Q5502801
Q5407675	associatedMusicalArtist	Q467933
Q254748	associatedMusicalArtist	Q1131736
Q1700675	associatedMusicalArtist	Q1397827
Q1700675	associatedMusicalArtist	Q1535082
Q1700675	associatedMusicalArtist	Q6933925
Q5608	associatedMusicalArtist	Q597146
Q6208079	associatedMusicalArtist	Q7737085
Q6208079	associatedMusicalArtist	Q45359
Q4037919	associatedMusicalArtist	Q4764411
Q3430170	associatedMusicalArtist	Q940536
Q58207	associatedMusicalArtist	Q58207
Q374206	associatedMusicalArtist	Q18157265
Q5232815	associatedMusicalArtist	Q2892858
Q297552	associatedMusicalArtist	Q3835997
Q297552	associatedMusicalArtist	Q1644419
Q991278	associatedMusicalArtist	Q1583306
Q27911	associatedMusicalArtist	Q7754543
Q62896	associatedMusicalArtist	Q485512
Q7596036	associatedMusicalArtist	Q2300681
Q3737249	associatedMusicalArtist	Q2266317
Q210172	associatedMusicalArtist	Q134233
Q694913	associatedMusicalArtist	Q694913
Q1780979	associatedMusicalArtist	Q284351
Q1339675	associatedMusicalArtist	Q691605
Q3436023	associatedMusicalArtist	Q1858715
Q1171273	associatedMusicalArtist	Q16648446
Q661662	associatedMusicalArtist	Q6597322
Q661662	associatedMusicalArtist	Q775506
Q432743	associatedMusicalArtist	Q1192331
Q920963	associatedMusicalArtist	Q1788002
Q2723849	associatedMusicalArtist	Q111337
Q2723849	associatedMusicalArtist	Q807287
Q369138	associatedMusicalArtist	Q3986134
Q1442188	associatedMusicalArtist	Q1421042
Q246462	associatedMusicalArtist	Q1684482
Q1414932	associatedMusicalArtist	Q547788
Q3359034	associatedMusicalArtist	Q3089641
Q2682475	associatedMusicalArtist	Q1183865
Q1569899	associatedMusicalArtist	Q1569899
Q441203	associatedMusicalArtist	Q2525354
Q441203	associatedMusicalArtist	Q11811944
Q59185	associatedMusicalArtist	Q127259
Q12003	associatedMusicalArtist	Q907445
Q58339	associatedMusicalArtist	Q545536
Q1926913	associatedMusicalArtist	Q1926913
Q216936	associatedMusicalArtist	Q2177991
Q23543	associatedMusicalArtist	Q3311546
Q122020	associatedMusicalArtist	Q2153861
Q764843	associatedMusicalArtist	Q7748985
Q188482	associatedMusicalArtist	Q133405
Q449371	associatedMusicalArtist	Q1585918
Q4679159	associatedMusicalArtist	Q4763327
Q3429331	associatedMusicalArtist	Q523957
Q704963	associatedMusicalArtist	Q1550377
Q1463985	associatedMusicalArtist	Q547788
Q194045	associatedMusicalArtist	Q16648446
Q528011	associatedMusicalArtist	Q822802
Q7836319	associatedMusicalArtist	Q1889932
Q2401723	associatedMusicalArtist	Q1417965
Q456639	associatedMusicalArtist	Q905984
Q503264	associatedMusicalArtist	Q1183865
Q503264	associatedMusicalArtist	Q507327
Q233342	associatedMusicalArtist	Q2456244
Q859463	associatedMusicalArtist	Q2941016
Q212483	associatedMusicalArtist	Q547788
Q459071	associatedMusicalArtist	Q4903076
Q2175889	associatedMusicalArtist	Q4764411
Q4817999	associatedMusicalArtist	Q1573477
Q367129	associatedMusicalArtist	Q2414335
Q179157	associatedMusicalArtist	Q2735737
Q1142644	associatedMusicalArtist	Q1754027
Q5230144	associatedMusicalArtist	Q2090571
Q3256651	associatedMusicalArtist	Q18157265
Q2255794	associatedMusicalArtist	Q1335788
Q888466	associatedMusicalArtist	Q1684482
Q17151186	associatedMusicalArtist	Q609951
Q454010	associatedMusicalArtist	Q1967686
Q15615	associatedMusicalArtist	Q2941016
Q121535	associatedMusicalArtist	Q1684482
Q2462520	associatedMusicalArtist	Q1208723
Q2870023	associatedMusicalArtist	Q114651
Q6107	associatedMusicalArtist	Q605778
Q296876	associatedMusicalArtist	Q133405
Q714411	associatedMusicalArtist	Q615207
Q3626950	associatedMusicalArtist	Q146027
Q347456	associatedMusicalArtist	Q150750
Q223875	associatedMusicalArtist	Q3522785
Q301818	associatedMusicalArtist	Q902795
Q443007	associatedMusicalArtist	Q3298452
Q40096	associatedMusicalArtist	Q1154136
Q235934	associatedMusicalArtist	Q4930040
Q4886173	associatedMusicalArtist	Q5426688
Q5221163	associatedMusicalArtist	Q5505187
Q348571	associatedMusicalArtist	Q3372991
Q346123	associatedMusicalArtist	Q459390
Q1676573	associatedMusicalArtist	Q7435416
Q273079	associatedMusicalArtist	Q1344949
Q15869	associatedMusicalArtist	Q15862
Q38875	associatedMusicalArtist	Q3522785
Q7153445	associatedMusicalArtist	Q1888034
Q2262852	associatedMusicalArtist	Q1967686
Q5362105	associatedMusicalArtist	Q7537291
Q5362105	associatedMusicalArtist	Q72608
Q511058	associatedMusicalArtist	Q3298452
Q511058	associatedMusicalArtist	Q1632762
Q511058	associatedMusicalArtist	Q943411
Q105460	associatedMusicalArtist	Q7743367
Q1238828	associatedMusicalArtist	Q3410125
Q249966	associatedMusicalArtist	Q205356
Q489320	associatedMusicalArtist	Q489320
Q718419	associatedMusicalArtist	Q1146292
Q1135790	associatedMusicalArtist	Q7619179
Q449192	associatedMusicalArtist	Q1986332
Q5531378	associatedMusicalArtist	Q7748985
Q4044426	associatedMusicalArtist	Q4044426
Q922252	associatedMusicalArtist	Q3522785
Q5994	associatedMusicalArtist	Q7496764
Q5994	associatedMusicalArtist	Q547788
Q4952056	associatedMusicalArtist	Q913194
Q485116	associatedMusicalArtist	Q485116
Q1159109	associatedMusicalArtist	Q676620
Q315811	associatedMusicalArtist	Q3888899
Q7381695	associatedMusicalArtist	Q6256996
Q175195	associatedMusicalArtist	Q3888899
Q229498	associatedMusicalArtist	Q1344949
Q562084	associatedMusicalArtist	Q1424584
Q562084	associatedMusicalArtist	Q1421042
Q950117	associatedMusicalArtist	Q1364244
Q168600	associatedMusicalArtist	Q1684482
Q234591	associatedMusicalArtist	Q947939
Q672297	associatedMusicalArtist	Q381410
Q6775429	associatedMusicalArtist	Q1514300
Q3288561	associatedMusicalArtist	Q1130581
Q472487	associatedMusicalArtist	Q1934913
Q204132	associatedMusicalArtist	Q483285
Q132341	associatedMusicalArtist	Q1684482
Q3296069	associatedMusicalArtist	Q1165439
Q1143223	associatedMusicalArtist	Q744242
Q330045	associatedMusicalArtist	Q1684482
Q346762	associatedMusicalArtist	Q1684482
Q63854	associatedMusicalArtist	Q1347058
Q468677	associatedMusicalArtist	Q2734923
Q1101973	associatedMusicalArtist	Q859552
Q569003	associatedMusicalArtist	Q568238
Q438874	associatedMusicalArtist	Q313779
Q3315860	associatedMusicalArtist	Q7751265
Q2440489	associatedMusicalArtist	Q3832439
Q363320	associatedMusicalArtist	Q7748985
Q363320	associatedMusicalArtist	Q516412
Q19810	associatedMusicalArtist	Q55641
Q1951239	associatedMusicalArtist	Q16954236
Q6789319	associatedMusicalArtist	Q1644419
Q1186617	associatedMusicalArtist	Q1155446
Q117249	associatedMusicalArtist	Q600344
Q483203	associatedMusicalArtist	Q178095
Q74032	associatedMusicalArtist	Q1040688
Q2960962	associatedMusicalArtist	Q1850698
Q3543544	associatedMusicalArtist	Q6462244
Q318587	associatedMusicalArtist	Q2267966
Q1099152	associatedMusicalArtist	Q502279
Q527853	associatedMusicalArtist	Q1672362
Q5234004	associatedMusicalArtist	Q1632762
Q215026	associatedMusicalArtist	Q1584103
Q184249	associatedMusicalArtist	Q153056
Q1144640	associatedMusicalArtist	Q4927989
Q448366	associatedMusicalArtist	Q4912802
Q838508	associatedMusicalArtist	Q1430509
Q1225	associatedMusicalArtist	Q7605690
Q6174988	associatedMusicalArtist	Q12858787
Q1741508	associatedMusicalArtist	Q3776807
Q1741508	associatedMusicalArtist	Q462943
Q952724	associatedMusicalArtist	Q14528
Q715175	associatedMusicalArtist	Q2992193
Q727394	associatedMusicalArtist	Q1410018
Q5270726	associatedMusicalArtist	Q1140005
Q268604	associatedMusicalArtist	Q1183865
Q273055	associatedMusicalArtist	Q568759
Q3147234	associatedMusicalArtist	Q5167078
Q6385688	associatedMusicalArtist	Q1332963
Q10318381	associatedMusicalArtist	Q1325248
Q4932984	associatedMusicalArtist	Q582350
Q1687890	associatedMusicalArtist	Q2118895
Q1276461	associatedMusicalArtist	Q1276461
Q188648	associatedMusicalArtist	Q1771590
Q188648	associatedMusicalArtist	Q2153861
Q9291749	associatedMusicalArtist	Q9291749
Q3395255	associatedMusicalArtist	Q3395255
Q2938630	associatedMusicalArtist	Q48978
Q257302	associatedMusicalArtist	Q153056
Q1358175	associatedMusicalArtist	Q1358175
Q817878	associatedMusicalArtist	Q645865
Q319585	associatedMusicalArtist	Q47021
Q955767	associatedMusicalArtist	Q547788
Q2020790	associatedMusicalArtist	Q5281242
Q726445	associatedMusicalArtist	Q7757187
Q6116385	associatedMusicalArtist	Q378958
Q7360835	associatedMusicalArtist	Q573017
Q162045	associatedMusicalArtist	Q7741203
Q485490	associatedMusicalArtist	Q3014056
Q1886400	associatedMusicalArtist	Q1886400
Q434593	associatedMusicalArtist	Q7769580
Q16233232	associatedMusicalArtist	Q513771
Q1246729	associatedMusicalArtist	Q847361
Q30903	associatedMusicalArtist	Q2203024
Q6160098	associatedMusicalArtist	Q6516920
Q1339784	associatedMusicalArtist	Q1339784
Q3139389	associatedMusicalArtist	Q1206775
Q348615	associatedMusicalArtist	Q216856
Q1700460	associatedMusicalArtist	Q1684482
Q313699	associatedMusicalArtist	Q511516
Q144719	associatedMusicalArtist	Q7063993
Q947272	associatedMusicalArtist	Q973995
Q3780426	associatedMusicalArtist	Q1028565
Q5793069	associatedMusicalArtist	Q4921205
Q23858	associatedMusicalArtist	Q1344949
Q1143750	associatedMusicalArtist	Q1143750
Q955480	associatedMusicalArtist	Q841778
Q127471	associatedMusicalArtist	Q2153861
Q2348505	associatedMusicalArtist	Q464476
Q528663	associatedMusicalArtist	Q7562298
Q310332	associatedMusicalArtist	Q1761222
Q960768	associatedMusicalArtist	Q6888844
Q205352	associatedMusicalArtist	Q6462607
Q40422	associatedMusicalArtist	Q619099
Q7172410	associatedMusicalArtist	Q7580549
Q1345932	associatedMusicalArtist	Q4764411
Q273076	associatedMusicalArtist	Q1684482
Q43432	associatedMusicalArtist	Q154454
Q43432	associatedMusicalArtist	Q902795
Q5982820	associatedMusicalArtist	Q212168
Q435965	associatedMusicalArtist	Q1509107
Q432683	associatedMusicalArtist	Q432683
Q443892	associatedMusicalArtist	Q8058070
Q272619	associatedMusicalArtist	Q1507012
Q331731	associatedMusicalArtist	Q2528766
Q3050416	associatedMusicalArtist	Q2406165
Q2094855	associatedMusicalArtist	Q2094855
Q1334244	associatedMusicalArtist	Q1255792
Q364214	associatedMusicalArtist	Q1351122
Q5112463	associatedMusicalArtist	Q5274459
Q454819	associatedMusicalArtist	Q1684482
Q312743	associatedMusicalArtist	Q28231
Q214582	associatedMusicalArtist	Q18233
Q1380910	associatedMusicalArtist	Q1473439
Q709568	associatedMusicalArtist	Q3014056
Q445275	associatedMusicalArtist	Q547788
Q3703102	associatedMusicalArtist	Q2400076
Q958708	associatedMusicalArtist	Q430638
Q151830	associatedMusicalArtist	Q55641
Q83287	associatedMusicalArtist	Q726076
Q380639	associatedMusicalArtist	Q844524
Q1342823	associatedMusicalArtist	Q7876908
Q364869	associatedMusicalArtist	Q1967950
Q3497960	associatedMusicalArtist	Q2409656
Q26695	associatedMusicalArtist	Q287206
Q1345099	associatedMusicalArtist	Q1183865
Q465799	associatedMusicalArtist	Q328333
Q453600	associatedMusicalArtist	Q3888899
Q391415	associatedMusicalArtist	Q391415
Q707084	associatedMusicalArtist	Q2405560
Q274018	associatedMusicalArtist	Q462770
Q2549389	associatedMusicalArtist	Q373702
Q1632876	associatedMusicalArtist	Q2078198
Q856941	associatedMusicalArtist	Q856941
Q43189	associatedMusicalArtist	Q4693565
Q942680	associatedMusicalArtist	Q7751265
Q4679180	associatedMusicalArtist	Q368459
Q436150	associatedMusicalArtist	Q597261
Q3284764	associatedMusicalArtist	Q1397838
Q192465	associatedMusicalArtist	Q1684482
Q7775581	associatedMusicalArtist	Q1967686
Q4905634	associatedMusicalArtist	Q1317079
Q362564	associatedMusicalArtist	Q1684482
Q648949	associatedMusicalArtist	Q648949
Q66751	associatedMusicalArtist	Q155123
Q2853143	associatedMusicalArtist	Q2853143
Q215072	associatedMusicalArtist	Q1344949
Q36290	associatedMusicalArtist	Q218837
Q180011	associatedMusicalArtist	Q2153861
Q3764504	associatedMusicalArtist	Q368459
Q717773	associatedMusicalArtist	Q547788
Q722566	associatedMusicalArtist	Q4998263
Q144622	associatedMusicalArtist	Q7063993
Q704700	associatedMusicalArtist	Q827981
Q1201201	associatedMusicalArtist	Q4764411
Q7377896	associatedMusicalArtist	Q913194
Q2302186	associatedMusicalArtist	Q2302186
Q230990	associatedMusicalArtist	Q102385
Q3843381	associatedMusicalArtist	Q1813840
Q451075	associatedMusicalArtist	Q7749446
Q4679402	associatedMusicalArtist	Q7839131
Q228899	associatedMusicalArtist	Q622988
Q1173221	associatedMusicalArtist	Q584524
Q896096	associatedMusicalArtist	Q1629681
Q5605898	associatedMusicalArtist	Q7102542
Q1372141	associatedMusicalArtist	Q13570532
Q2143473	associatedMusicalArtist	Q1395369
Q229205	associatedMusicalArtist	Q547788
Q978838	associatedMusicalArtist	Q473466
Q4761240	associatedMusicalArtist	Q3776807
Q764483	associatedMusicalArtist	Q1584103
