Q2514914	executiveProducer	Q809043
Q19798690	executiveProducer	Q18977596
Q1215613	executiveProducer	Q3195705
Q1315167	executiveProducer	Q4914
Q797787	executiveProducer	Q228899
Q3235151	executiveProducer	Q6848167
Q842253	executiveProducer	Q298025
Q83279	executiveProducer	Q318750
Q3398728	executiveProducer	Q596137
Q2529189	executiveProducer	Q3308269
Q1109026	executiveProducer	Q213512
Q463999	executiveProducer	Q213512
Q2120540	executiveProducer	Q191037
Q510881	executiveProducer	Q2330020
Q940089	executiveProducer	Q162629
Q842253	executiveProducer	Q3176340
Q5331187	executiveProducer	Q269669
Q2900109	executiveProducer	Q973713
Q1303493	executiveProducer	Q5238999
Q1189631	executiveProducer	Q360642
Q23599	executiveProducer	Q602828
Q804314	executiveProducer	Q628479
Q1071501	executiveProducer	Q4805550
Q725195	executiveProducer	Q4805550
Q1247701	executiveProducer	Q780834
Q922616	executiveProducer	Q780834
Q17021362	executiveProducer	Q780834
Q4307100	executiveProducer	Q3811118
Q1065888	executiveProducer	Q457092
Q2265954	executiveProducer	Q2924874
Q776608	executiveProducer	Q2924874
Q23558	executiveProducer	Q434272
Q834560	executiveProducer	Q1134799
Q1585857	executiveProducer	Q7182319
Q2265954	executiveProducer	Q3182836
Q776608	executiveProducer	Q3182836
Q2246861	executiveProducer	Q637306
Q126631	executiveProducer	Q2440669
Q170241	executiveProducer	Q148234
Q5192414	executiveProducer	Q361981
Q1947125	executiveProducer	Q5278553
Q942938	executiveProducer	Q313038
Q1469475	executiveProducer	Q437516
Q2579463	executiveProducer	Q2580228
Q15931555	executiveProducer	Q7045396
Q1247858	executiveProducer	Q3396287
Q7738159	executiveProducer	Q3396287
Q53093	executiveProducer	Q3246742
Q4958418	executiveProducer	Q3246742
Q842253	executiveProducer	Q6587010
Q425628	executiveProducer	Q2805798
Q640327	executiveProducer	Q2805798
Q189169	executiveProducer	Q207640
Q13417244	executiveProducer	Q1929297
Q189068	executiveProducer	Q525458
Q589977	executiveProducer	Q333719
