Q989611	subsequentWork	Q1807009
Q989611	subsequentWork	Q4738463
Q13637379	subsequentWork	Q744297
Q64003	subsequentWork	Q3293153
Q2706935	subsequentWork	Q13923
Q1647674	subsequentWork	Q670515
Q187462	subsequentWork	Q215287
Q187462	subsequentWork	Q194213
Q16205703	subsequentWork	Q18350775
Q1048856	subsequentWork	Q1841812
Q1048856	subsequentWork	Q1247562
Q1048856	subsequentWork	Q153227
Q1048856	subsequentWork	Q1248045
Q5525624	subsequentWork	Q3437290
Q3282303	subsequentWork	Q3284516
Q145	subsequentWork	Q4738947
Q145	subsequentWork	Q6945951
Q4986469	subsequentWork	Q7300927
Q5575056	subsequentWork	Q9019078
Q2284586	subsequentWork	Q1076940
Q2284586	subsequentWork	Q2488373
Q1676080	subsequentWork	Q516203
Q518589	subsequentWork	Q3807921
Q518589	subsequentWork	Q1247693
Q518589	subsequentWork	Q3887527
Q518589	subsequentWork	Q988037
Q30	subsequentWork	Q6945951
Q1473718	subsequentWork	Q2248020
Q19862134	subsequentWork	Q20647168
Q2354709	subsequentWork	Q3999873
Q1340881	subsequentWork	Q13559844
Q158554	subsequentWork	Q5307437
Q1513101	subsequentWork	Q3360296
Q4999835	subsequentWork	Q2708325
Q262698	subsequentWork	Q1072075
Q3878679	subsequentWork	Q3998712
Q609104	subsequentWork	Q786778
Q547744	subsequentWork	Q1575205
Q547744	subsequentWork	Q1500726
Q17109379	subsequentWork	Q824192
Q2720347	subsequentWork	Q4051314
Q513809	subsequentWork	Q848992
Q374925	subsequentWork	Q7444056
Q786778	subsequentWork	Q2378859
Q16740098	subsequentWork	Q15885808
Q1808804	subsequentWork	Q1472488
Q2943524	subsequentWork	Q970991
Q2943524	subsequentWork	Q5575056
Q1129496	subsequentWork	Q8027629
Q175514	subsequentWork	Q692917
Q600344	subsequentWork	Q300854
Q894582	subsequentWork	Q308984
Q615944	subsequentWork	Q510881
Q615944	subsequentWork	Q1247556
Q1248532	subsequentWork	Q19798683
Q965422	subsequentWork	Q323139
Q1573997	subsequentWork	Q1281313
Q673517	subsequentWork	Q1339570
Q188474	subsequentWork	Q323335
Q31000	subsequentWork	Q2333324
Q2005943	subsequentWork	Q164100
Q526035	subsequentWork	Q7317309
Q369924	subsequentWork	Q2991794
Q56194	subsequentWork	Q22946170
Q18163865	subsequentWork	Q2888839
Q484825	subsequentWork	Q2586301
Q235934	subsequentWork	Q734398
Q1343378	subsequentWork	Q13476185
Q387838	subsequentWork	Q2016260
Q7977793	subsequentWork	Q3790535
Q654402	subsequentWork	Q4817724
Q1249551	subsequentWork	Q3293238
Q1141741	subsequentWork	Q2677926
Q324757	subsequentWork	Q4854254
Q3047446	subsequentWork	Q4006090
Q7992814	subsequentWork	Q2806356
Q5277117	subsequentWork	Q1550581
Q3020660	subsequentWork	Q502337
Q17278086	subsequentWork	Q26154237
Q20735533	subsequentWork	Q23044970
Q193319	subsequentWork	Q585650
Q1792838	subsequentWork	Q3018968
Q731721	subsequentWork	Q603000
Q2700904	subsequentWork	Q5417909
Q18164417	subsequentWork	Q18157410
Q15711109	subsequentWork	Q905387
Q15711109	subsequentWork	Q53093
Q4854254	subsequentWork	Q1319098
Q966816	subsequentWork	Q1401447
Q2504150	subsequentWork	Q5267910
Q1337106	subsequentWork	Q6316255
Q616313	subsequentWork	Q632672
Q2016218	subsequentWork	Q2469059
Q80044	subsequentWork	Q521355
Q80044	subsequentWork	Q24091448
Q5491986	subsequentWork	Q6945602
Q711442	subsequentWork	Q4738947
Q1450954	subsequentWork	Q2097859
Q1049929	subsequentWork	Q304798
Q12127327	subsequentWork	Q22338198
Q20038	subsequentWork	Q3851996
Q3005551	subsequentWork	Q24806660
Q3005551	subsequentWork	Q13378144
Q387943	subsequentWork	Q1500726
Q387943	subsequentWork	Q1575205
Q1067893	subsequentWork	Q7092562
Q2480796	subsequentWork	Q2657823
Q20710771	subsequentWork	Q18786534
Q2053971	subsequentWork	Q1228847
Q568484	subsequentWork	Q743986
Q12161261	subsequentWork	Q16499687
Q2576897	subsequentWork	Q2667921
Q1704424	subsequentWork	Q1041641
Q640747	subsequentWork	Q7738878
Q2537401	subsequentWork	Q2608208
Q584286	subsequentWork	Q958795
Q13923	subsequentWork	Q4345981
Q6690432	subsequentWork	Q1549618
Q42402	subsequentWork	Q303783
Q8027629	subsequentWork	Q1420378
Q626178	subsequentWork	Q2814176
Q1318118	subsequentWork	Q368996
Q3988779	subsequentWork	Q1575205
Q3988779	subsequentWork	Q1500726
Q3282332	subsequentWork	Q3284750
Q1886329	subsequentWork	Q16386014
Q4807475	subsequentWork	Q6024887
Q933978	subsequentWork	Q969635
Q590158	subsequentWork	Q17630499
Q484345	subsequentWork	Q495698
Q917608	subsequentWork	Q1500726
Q917608	subsequentWork	Q1575205
Q14918638	subsequentWork	Q16952704
Q2287332	subsequentWork	Q2608208
Q711765	subsequentWork	Q706097
Q913565	subsequentWork	Q834969
Q1472488	subsequentWork	Q484958
Q17437909	subsequentWork	Q19853424
Q3645415	subsequentWork	Q12860947
Q215287	subsequentWork	Q194213
Q4992128	subsequentWork	Q2724082
Q4345981	subsequentWork	Q13923
Q250767	subsequentWork	Q7719794
Q3570084	subsequentWork	Q3545088
Q364890	subsequentWork	Q3018968
Q1130799	subsequentWork	Q824192
Q6763195	subsequentWork	Q1249345
Q6954070	subsequentWork	Q6954079
Q1675438	subsequentWork	Q9293883
Q1114459	subsequentWork	Q16968410
Q949916	subsequentWork	Q386100
Q1160945	subsequentWork	Q16258944
Q396	subsequentWork	Q958795
Q18378139	subsequentWork	Q19871355
Q2088283	subsequentWork	Q6383092
Q17042333	subsequentWork	Q1852653
Q1969608	subsequentWork	Q3140037
Q3293145	subsequentWork	Q478032
Q11702343	subsequentWork	Q590426
Q2553206	subsequentWork	Q2664338
Q3986406	subsequentWork	Q3772648
Q676098	subsequentWork	Q508677
Q847524	subsequentWork	Q847697
Q6024255	subsequentWork	Q3518335
Q1650086	subsequentWork	Q2413614
Q1251705	subsequentWork	Q165515
Q2888839	subsequentWork	Q486421
Q1163515	subsequentWork	Q484958
Q3875292	subsequentWork	Q6739017
Q2096323	subsequentWork	Q752942
Q3494438	subsequentWork	Q210146
Q6935858	subsequentWork	Q14171669
Q16835671	subsequentWork	Q1047959
Q948898	subsequentWork	Q5978128
Q95008	subsequentWork	Q502337
Q3293230	subsequentWork	Q7664512
Q2333404	subsequentWork	Q3246547
Q7785814	subsequentWork	Q3951545
Q960270	subsequentWork	Q14654427
Q24037139	subsequentWork	Q21203464
Q276071	subsequentWork	Q549348
