ct_2	equal	at_4
at_51	equal	bt_50
at_70	equal	ct_68
at_73	equal	ct_71
bt_74	equal	at_75
at_85	equal	ct_83
at_100	equal	ct_98
ct_117	equal	bt_118
bt_124	equal	ct_123
at_126	equal	bt_125
at_130	equal	ct_128
bt_130	equal	ct_129
bt_133	equal	ct_132
ct_138	equal	bt_139
at_157	equal	ct_155
bt_158	equal	at_159
ct_159	equal	bt_160
at_162	equal	bt_161
bt_163	equal	ct_162
bt_167	equal	at_168
ct_177	equal	bt_178
ct_182	equal	at_184
bt_203	equal	at_204
bt_212	equal	at_213
ct_212	equal	at_214
bt_220	equal	ct_219
bt_223	equal	ct_222
bt_233	equal	at_234
ct_234	equal	bt_235
bt_253	equal	ct_252
bt_254	equal	at_255
ct_254	equal	at_256
ct_257	equal	at_259
at_265	equal	ct_263
ct_267	equal	bt_268
bt_283	equal	ct_282
ct_297	equal	bt_298
bt_308	equal	at_309
ct_309	equal	bt_310
ct_317	equal	at_319
ct_347	equal	at_349
at_355	equal	ct_353
ct_356	equal	at_358
bt_365	equal	at_366
ct_366	equal	bt_367
at_381	equal	bt_380
bt_382	equal	ct_381
at_391	equal	ct_389
bt_391	equal	ct_390
ct_392	equal	at_394
ct_393	equal	bt_394
at_417	equal	bt_416
at_418	equal	ct_416
bt_419	equal	at_420
ct_420	equal	bt_421
at_427	equal	ct_425
ct_426	equal	bt_427
ct_440	equal	at_442
bt_470	equal	at_471
at_481	equal	ct_479
ct_483	equal	bt_484
bt_485	equal	at_486
bt_496	equal	ct_495
ct_528	equal	bt_529
ct_534	equal	bt_535
at_558	equal	bt_557
at_559	equal	ct_557
at_577	equal	ct_575
ct_576	equal	bt_577
ct_588	equal	bt_589
bt_632	equal	at_633
bt_661	equal	ct_660
at_663	equal	bt_662
ct_662	equal	at_664
at_669	equal	bt_668
ct_668	equal	at_670
bt_671	equal	at_672
at_676	equal	ct_674
bt_677	equal	at_678
bt_686	equal	at_687
bt_691	equal	ct_690
ct_701	equal	at_703
bt_703	equal	ct_702
bt_704	equal	at_705
ct_719	equal	at_721
ct_725	equal	at_727
at_754	equal	ct_752
ct_753	equal	bt_754
at_757	equal	ct_755
ct_776	equal	at_778
ct_777	equal	bt_778
bt_785	equal	at_786
bt_787	equal	ct_786
at_790	equal	ct_788
bt_791	equal	at_792
ct_791	equal	at_793
ct_794	equal	at_796
bt_797	equal	at_798
at_810	equal	bt_809
bt_817	equal	ct_816
ct_827	equal	at_829
bt_832	equal	ct_831
bt_835	equal	ct_834
ct_846	equal	bt_847
bt_848	equal	at_849
ct_851	equal	at_853
bt_853	equal	ct_852
bt_866	equal	at_867
ct_866	equal	at_868
bt_907	equal	ct_906
at_927	equal	bt_926
bt_929	equal	at_930
at_945	equal	bt_944
ct_953	equal	at_955
ct_965	equal	at_967
ct_968	equal	at_970
ct_972	equal	bt_973
ct_986	equal	at_988
at_1008	equal	bt_1007
ct_1008	equal	bt_1009
ct_1014	equal	bt_1015
ct_1031	equal	at_1033
bt_1033	equal	ct_1032
at_1047	equal	bt_1046
bt_1055	equal	at_1056
at_1062	equal	bt_1061
bt_1063	equal	ct_1062
ct_1067	equal	at_1069
at_1075	equal	ct_1073
ct_1089	equal	bt_1090
bt_1094	equal	at_1095
bt_1096	equal	ct_1095
ct_1101	equal	bt_1102
at_1114	equal	ct_1112
bt_1130	equal	at_1131
ct_1133	equal	at_1135
at_1141	equal	ct_1139
at_1143	equal	bt_1142
bt_1144	equal	ct_1143
at_1165	equal	ct_1163
ct_1167	equal	bt_1168
bt_1175	equal	at_1176
at_1188	equal	bt_1187
at_1218	equal	bt_1217
at_1219	equal	ct_1217
ct_1221	equal	bt_1222
bt_1235	equal	at_1236
at_1254	equal	bt_1253
at_1260	equal	bt_1259
bt_1292	equal	at_1293
ct_1311	equal	bt_1312
at_1314	equal	bt_1313
bt_1315	equal	ct_1314
ct_1326	equal	bt_1327
ct_1332	equal	bt_1333
bt_1336	equal	ct_1335
ct_1337	equal	at_1339
bt_1352	equal	at_1353
ct_1361	equal	at_1363
bt_1391	equal	at_1392
ct_1395	equal	bt_1396
bt_1399	equal	ct_1398
at_1417	equal	ct_1415
bt_1421	equal	at_1422
ct_1421	equal	at_1423
at_1447	equal	ct_1445
bt_1448	equal	at_1449
bt_1450	equal	ct_1449
bt_1454	equal	at_1455
at_1456	equal	ct_1454
at_1459	equal	ct_1457
bt_1459	equal	ct_1458
ct_1473	equal	bt_1474
bt_1484	equal	at_1485
ct_1484	equal	at_1486
at_1497	equal	bt_1496
at_1542	equal	bt_1541
ct_1541	equal	at_1543
bt_1544	equal	at_1545
at_1552	equal	ct_1550
at_1561	equal	ct_1559
at_1569	equal	bt_1568
bt_1570	equal	ct_1569
at_1605	equal	bt_1604
bt_1607	equal	at_1608
at_1609	equal	ct_1607
bt_1613	equal	at_1614
bt_1615	equal	ct_1614
at_1617	equal	bt_1616
ct_1649	equal	at_1651
at_1666	equal	ct_1664
bt_1667	equal	at_1668
bt_1669	equal	ct_1668
at_1674	equal	bt_1673
ct_1674	equal	bt_1675
at_1683	equal	bt_1682
bt_1703	equal	at_1704
bt_1721	equal	at_1722
bt_1723	equal	ct_1722
at_1755	equal	bt_1754
bt_1760	equal	at_1761
ct_1764	equal	bt_1765
bt_1786	equal	ct_1785
at_1791	equal	bt_1790
ct_1790	equal	at_1792
at_1803	equal	bt_1802
at_1831	equal	ct_1829
bt_1831	equal	ct_1830
ct_1832	equal	at_1834
ct_1836	equal	bt_1837
bt_1840	equal	ct_1839
bt_1862	equal	at_1863
bt_1874	equal	at_1875
bt_1876	equal	ct_1875
at_1887	equal	bt_1886
bt_1898	equal	at_1899
at_1912	equal	ct_1910
bt_1912	equal	ct_1911
ct_1920	equal	bt_1921
at_1924	equal	ct_1922
at_1926	equal	bt_1925
at_1929	equal	bt_1928
at_1930	equal	ct_1928
bt_1936	equal	ct_1935
ct_1953	equal	bt_1954
at_1968	equal	bt_1967
ct_1967	equal	at_1969
at_1977	equal	bt_1976
ct_1995	equal	bt_1996
ct_2010	equal	bt_2011
at_2013	equal	bt_2012
at_2016	equal	bt_2015
at_2017	equal	ct_2015
at_2028	equal	bt_2027
bt_2036	equal	at_2037
at_2040	equal	bt_2039
at_2074	equal	ct_2072
at_2076	equal	bt_2075
ct_2076	equal	bt_2077
at_2080	equal	ct_2078
ct_2081	equal	at_2083
ct_2099	equal	at_2101
ct_2102	equal	at_2104
bt_2105	equal	at_2106
ct_2105	equal	at_2107
at_2116	equal	ct_2114
bt_2122	equal	ct_2121
at_2133	equal	bt_2132
at_2134	equal	ct_2132
at_2143	equal	ct_2141
at_2149	equal	ct_2147
ct_2148	equal	bt_2149
bt_2159	equal	at_2160
bt_2170	equal	ct_2169
bt_2182	equal	ct_2181
bt_2201	equal	at_2202
ct_2213	equal	at_2215
ct_2214	equal	bt_2215
bt_2218	equal	ct_2217
bt_2222	equal	at_2223
bt_2227	equal	ct_2226
bt_2228	equal	at_2229
at_2239	equal	ct_2237
bt_2240	equal	at_2241
at_2247	equal	bt_2246
ct_2265	equal	bt_2266
bt_2272	equal	ct_2271
at_2275	equal	ct_2273
bt_2290	equal	ct_2289
at_2325	equal	bt_2324
at_2326	equal	ct_2324
ct_2345	equal	at_2347
ct_2349	equal	bt_2350
at_2352	equal	bt_2351
at_2353	equal	ct_2351
bt_2357	equal	at_2358
ct_2360	equal	at_2362
bt_2369	equal	at_2370
bt_2374	equal	ct_2373
at_2380	equal	ct_2378
bt_2381	equal	at_2382
ct_2403	equal	bt_2404
at_2407	equal	ct_2405
ct_2406	equal	bt_2407
at_2430	equal	bt_2429
at_2431	equal	ct_2429
at_2433	equal	bt_2432
ct_2436	equal	bt_2437
at_2454	equal	bt_2453
bt_2464	equal	ct_2463
bt_2471	equal	at_2472
bt_2479	equal	ct_2478
ct_2480	equal	at_2482
at_2487	equal	bt_2486
ct_2487	equal	bt_2488
at_2502	equal	bt_2501
at_2508	equal	bt_2507
bt_2512	equal	ct_2511
ct_2517	equal	bt_2518
at_2527	equal	ct_2525
at_2536	equal	ct_2534
bt_2555	equal	at_2556
at_2562	equal	bt_2561
at_2565	equal	bt_2564
ct_2565	equal	bt_2566
ct_2568	equal	bt_2569
bt_2572	equal	ct_2571
at_2581	equal	ct_2579
bt_2590	equal	ct_2589
bt_2599	equal	ct_2598
bt_2611	equal	ct_2610
ct_2625	equal	bt_2626
ct_2649	equal	bt_2650
at_2652	equal	bt_2651
bt_2669	equal	at_2670
bt_2686	equal	ct_2685
bt_2729	equal	at_2730
at_2743	equal	ct_2741
bt_2755	equal	ct_2754
bt_2773	equal	ct_2772
bt_2785	equal	ct_2784
bt_2797	equal	ct_2796
ct_2802	equal	bt_2803
at_2806	equal	ct_2804
ct_2805	equal	bt_2806
bt_2812	equal	ct_2811
at_2821	equal	ct_2819
ct_2849	equal	at_2851
bt_2878	equal	ct_2877
ct_2919	equal	bt_2920
at_2944	equal	ct_2942
ct_2952	equal	bt_2953
bt_2956	equal	ct_2955
bt_2969	equal	at_2970
ct_2970	equal	bt_2971
ct_2975	equal	at_2977
ct_2976	equal	bt_2977
ct_2981	equal	at_2983
ct_2982	equal	bt_2983
at_2989	equal	ct_2987
at_2991	equal	bt_2990
ct_3015	equal	bt_3016
bt_3029	equal	at_3030
at_3061	equal	ct_3059
bt_3065	equal	at_3066
at_3126	equal	bt_3125
at_3147	equal	bt_3146
ct_3147	equal	bt_3148
bt_3161	equal	at_3162
ct_3162	equal	bt_3163
at_3172	equal	ct_3170
bt_3194	equal	at_3195
ct_3204	equal	bt_3205
ct_3215	equal	at_3217
ct_3225	equal	bt_3226
ct_3248	equal	at_3250
ct_3257	equal	at_3259
bt_3266	equal	at_3267
at_3268	equal	ct_3266
bt_3269	equal	at_3270
at_3271	equal	ct_3269
at_3274	equal	ct_3272
at_3286	equal	ct_3284
bt_3290	equal	at_3291
at_3300	equal	bt_3299
at_3324	equal	bt_3323
at_3339	equal	bt_3338
ct_3347	equal	at_3349
bt_3359	equal	at_3360
bt_3370	equal	ct_3369
ct_3375	equal	bt_3376
bt_3395	equal	at_3396
ct_3395	equal	at_3397
bt_3404	equal	at_3405
ct_3405	equal	bt_3406
ct_3428	equal	at_3430
bt_3431	equal	at_3432
at_3486	equal	bt_3485
ct_3486	equal	bt_3487
at_3498	equal	bt_3497
bt_3506	equal	at_3507
at_3511	equal	ct_3509
ct_3522	equal	bt_3523
bt_3524	equal	at_3525
at_3531	equal	bt_3530
bt_3533	equal	at_3534
at_3538	equal	ct_3536
ct_3552	equal	bt_3553
at_3570	equal	bt_3569
bt_3574	equal	ct_3573
ct_3584	equal	at_3586
bt_3587	equal	at_3588
at_3603	equal	bt_3602
ct_3615	equal	bt_3616
at_3624	equal	bt_3623
ct_3627	equal	bt_3628
bt_3635	equal	at_3636
at_3642	equal	bt_3641
bt_3646	equal	ct_3645
ct_3657	equal	bt_3658
bt_3683	equal	at_3684
ct_3692	equal	at_3694
bt_3694	equal	ct_3693
ct_3701	equal	at_3703
ct_3710	equal	at_3712
ct_3717	equal	bt_3718
at_3756	equal	bt_3755
at_3769	equal	ct_3767
bt_3782	equal	at_3783
ct_3783	equal	bt_3784
ct_3791	equal	at_3793
bt_3794	equal	at_3795
ct_3798	equal	bt_3799
at_3801	equal	bt_3800
bt_3806	equal	at_3807
at_3808	equal	ct_3806
ct_3824	equal	at_3826
bt_3826	equal	ct_3825
at_3828	equal	bt_3827
ct_3828	equal	bt_3829
at_3843	equal	bt_3842
ct_3843	equal	bt_3844
at_3852	equal	bt_3851
at_3862	equal	ct_3860
bt_3863	equal	at_3864
at_3877	equal	ct_3875
at_3897	equal	bt_3896
bt_3910	equal	ct_3909
ct_3923	equal	at_3925
at_3933	equal	bt_3932
bt_3944	equal	at_3945
ct_3948	equal	bt_3949
bt_3973	equal	ct_3972
at_3993	equal	bt_3992
ct_4008	equal	bt_4009
bt_4016	equal	at_4017
bt_4042	equal	ct_4041
bt_4061	equal	at_4062
ct_4061	equal	at_4063
bt_4073	equal	at_4074
ct_4086	equal	bt_4087
at_4099	equal	ct_4097
ct_4106	equal	at_4108
ct_4115	equal	at_4117
at_4123	equal	ct_4121
ct_4131	equal	bt_4132
ct_4134	equal	bt_4135
ct_4139	equal	at_4141
ct_4145	equal	at_4147
ct_4157	equal	at_4159
ct_4158	equal	bt_4159
at_4204	equal	ct_4202
ct_4218	equal	bt_4219
at_4221	equal	bt_4220
at_4227	equal	bt_4226
bt_4259	equal	at_4260
at_4269	equal	bt_4268
bt_4270	equal	ct_4269
at_4278	equal	bt_4277
at_4288	equal	ct_4286
at_4308	equal	bt_4307
at_4339	equal	ct_4337
ct_4338	equal	bt_4339
bt_4349	equal	at_4350
ct_4349	equal	at_4351
ct_4352	equal	at_4354
bt_4355	equal	at_4356
bt_4397	equal	at_4398
bt_4408	equal	ct_4407
at_4435	equal	ct_4433
ct_4436	equal	at_4438
bt_4438	equal	ct_4437
at_4452	equal	bt_4451
ct_4455	equal	bt_4456
ct_4460	equal	at_4462
bt_4463	equal	at_4464
at_4467	equal	bt_4466
at_4471	equal	ct_4469
bt_4472	equal	at_4473
ct_4472	equal	at_4474
bt_4475	equal	at_4476
at_4477	equal	ct_4475
at_4479	equal	bt_4478
at_4483	equal	ct_4481
at_4491	equal	bt_4490
ct_4490	equal	at_4492
bt_4501	equal	ct_4500
at_4507	equal	ct_4505
at_4513	equal	ct_4511
bt_4517	equal	at_4518
ct_4518	equal	bt_4519
at_4525	equal	ct_4523
at_4528	equal	ct_4526
ct_4533	equal	bt_4534
ct_4544	equal	at_4546
bt_4550	equal	at_4551
at_4555	equal	ct_4553
at_4563	equal	bt_4562
ct_4593	equal	bt_4594
bt_4598	equal	at_4599
at_4603	equal	ct_4601
ct_4602	equal	bt_4603
at_4617	equal	bt_4616
at_4629	equal	bt_4628
at_4632	equal	bt_4631
ct_4640	equal	at_4642
bt_4664	equal	at_4665
at_4668	equal	bt_4667
bt_4678	equal	ct_4677
at_4693	equal	ct_4691
bt_4694	equal	at_4695
ct_4698	equal	bt_4699
at_4701	equal	bt_4700
ct_4719	equal	bt_4720
bt_4735	equal	ct_4734
ct_4767	equal	bt_4768
ct_4772	equal	at_4774
bt_4781	equal	at_4782
bt_4816	equal	ct_4815
ct_4818	equal	bt_4819
bt_4850	equal	at_4851
at_4858	equal	ct_4856
bt_4892	equal	at_4893
bt_4895	equal	at_4896
bt_4901	equal	at_4902
at_4909	equal	ct_4907
bt_4933	equal	ct_4932
at_4941	equal	bt_4940
at_4942	equal	ct_4940
ct_4950	equal	bt_4951
ct_4959	equal	bt_4960
at_4965	equal	bt_4964
bt_4966	equal	ct_4965
ct_4968	equal	bt_4969
bt_4976	equal	at_4977
ct_5016	equal	bt_5017
bt_5029	equal	ct_5028
at_5058	equal	bt_5057
ct_5057	equal	at_5059
at_5064	equal	bt_5063
ct_5073	equal	bt_5074
ct_5084	equal	at_5086
at_5094	equal	bt_5093
bt_5108	equal	at_5109
at_5125	equal	ct_5123
ct_5130	equal	bt_5131
ct_5135	equal	at_5137
at_5139	equal	bt_5138
at_5143	equal	ct_5141
ct_5144	equal	at_5146
ct_5178	equal	bt_5179
bt_5182	equal	ct_5181
ct_5186	equal	at_5188
bt_5188	equal	ct_5187
bt_5189	equal	at_5190
ct_5190	equal	bt_5191
at_5208	equal	bt_5207
at_5218	equal	ct_5216
at_5229	equal	bt_5228
ct_5228	equal	at_5230
at_5233	equal	ct_5231
ct_5240	equal	at_5242
bt_5285	equal	at_5286
at_5289	equal	bt_5288
at_5295	equal	bt_5294
bt_5309	equal	at_5310
at_5313	equal	bt_5312
bt_5314	equal	ct_5313
ct_5318	equal	at_5320
at_5322	equal	bt_5321
ct_5324	equal	at_5326
ct_5334	equal	bt_5335
ct_5342	equal	at_5344
ct_5375	equal	at_5377
at_5383	equal	ct_5381
at_5385	equal	bt_5384
ct_5385	equal	bt_5386
ct_5387	equal	at_5389
bt_5396	equal	at_5397
ct_5396	equal	at_5398
at_5400	equal	bt_5399
ct_5402	equal	at_5404
ct_5436	equal	bt_5437
at_5439	equal	bt_5438
bt_5444	equal	at_5445
ct_5451	equal	bt_5452
ct_5460	equal	bt_5461
bt_5467	equal	ct_5466
at_5472	equal	bt_5471
ct_5472	equal	bt_5473
at_5479	equal	ct_5477
bt_5483	equal	at_5484
at_5485	equal	ct_5483
ct_5493	equal	bt_5494
ct_5534	equal	at_5536
at_5538	equal	bt_5537
at_5550	equal	bt_5549
ct_5552	equal	at_5554
bt_5554	equal	ct_5553
at_5562	equal	bt_5561
ct_5562	equal	bt_5563
ct_5565	equal	bt_5566
ct_5579	equal	at_5581
ct_5586	equal	bt_5587
at_5605	equal	ct_5603
ct_5616	equal	bt_5617
at_5622	equal	bt_5621
at_5623	equal	ct_5621
ct_5627	equal	at_5629
bt_5629	equal	ct_5628
at_5632	equal	ct_5630
at_5665	equal	ct_5663
bt_5671	equal	ct_5670
at_5677	equal	ct_5675
ct_5682	equal	bt_5683
ct_5696	equal	at_5698
at_5700	equal	bt_5699
bt_5710	equal	ct_5709
at_5721	equal	bt_5720
ct_5721	equal	bt_5722
at_5731	equal	ct_5729
bt_5737	equal	ct_5736
at_5808	equal	bt_5807
ct_5808	equal	bt_5809
bt_5821	equal	ct_5820
bt_5833	equal	ct_5832
ct_5840	equal	at_5842
ct_5870	equal	at_5872
bt_5873	equal	at_5874
at_5880	equal	bt_5879
ct_5879	equal	at_5881
ct_5898	equal	bt_5899
at_5905	equal	ct_5903
bt_5941	equal	ct_5940
ct_5942	equal	at_5944
ct_5949	equal	bt_5950
at_5983	equal	ct_5981
at_5992	equal	ct_5990
at_5997	equal	bt_5996
at_6030	equal	bt_6029
at_6040	equal	ct_6038
bt_6046	equal	ct_6045
bt_6062	equal	at_6063
ct_6062	equal	at_6064
bt_6077	equal	at_6078
at_6082	equal	ct_6080
ct_6081	equal	bt_6082
at_6108	equal	bt_6107
bt_6110	equal	at_6111
ct_6110	equal	at_6112
at_6123	equal	bt_6122
ct_6126	equal	bt_6127
bt_6139	equal	ct_6138
ct_6147	equal	bt_6148
ct_6162	equal	bt_6163
ct_6173	equal	at_6175
ct_6174	equal	bt_6175
bt_6181	equal	ct_6180
at_6184	equal	ct_6182
ct_6183	equal	bt_6184
at_6196	equal	ct_6194
at_6199	equal	ct_6197
bt_6199	equal	ct_6198
at_6208	equal	ct_6206
bt_6221	equal	at_6222
at_6225	equal	bt_6224
at_6228	equal	bt_6227
ct_6227	equal	at_6229
bt_6247	equal	ct_6246
at_6252	equal	bt_6251
at_6256	equal	ct_6254
bt_6262	equal	ct_6261
at_6267	equal	bt_6266
bt_6271	equal	ct_6270
ct_6272	equal	at_6274
at_6280	equal	ct_6278
bt_6311	equal	at_6312
at_6313	equal	ct_6311
bt_6316	equal	ct_6315
ct_6329	equal	at_6331
ct_6330	equal	bt_6331
ct_6335	equal	at_6337
ct_6342	equal	bt_6343
at_6363	equal	bt_6362
bt_6365	equal	at_6366
bt_6392	equal	at_6393
ct_6398	equal	at_6400
bt_6400	equal	ct_6399
bt_6404	equal	at_6405
ct_6404	equal	at_6406
bt_6427	equal	ct_6426
bt_6467	equal	at_6468
at_6489	equal	bt_6488
ct_6489	equal	bt_6490
bt_6494	equal	at_6495
bt_6499	equal	ct_6498
bt_6509	equal	at_6510
ct_6509	equal	at_6511
ct_6524	equal	at_6526
at_6528	equal	bt_6527
ct_6530	equal	at_6532
bt_6539	equal	at_6540
at_6549	equal	bt_6548
bt_6572	equal	at_6573
at_6574	equal	ct_6572
ct_6597	equal	bt_6598
at_6612	equal	bt_6611
ct_6630	equal	bt_6631
at_6652	equal	ct_6650
at_6660	equal	bt_6659
ct_6669	equal	bt_6670
bt_6683	equal	at_6684
ct_6683	equal	at_6685
ct_6689	equal	at_6691
at_6715	equal	ct_6713
bt_6718	equal	ct_6717
bt_6721	equal	ct_6720
bt_6757	equal	ct_6756
at_6769	equal	ct_6767
bt_6769	equal	ct_6768
ct_6776	equal	at_6778
bt_6793	equal	ct_6792
ct_6813	equal	bt_6814
ct_6828	equal	bt_6829
ct_6834	equal	bt_6835
ct_6836	equal	at_6838
bt_6845	equal	at_6846
at_6849	equal	bt_6848
bt_6850	equal	ct_6849
ct_6854	equal	at_6856
ct_6873	equal	bt_6874
at_6888	equal	bt_6887
bt_6893	equal	at_6894
ct_6894	equal	bt_6895
at_6915	equal	bt_6914
ct_6914	equal	at_6916
at_6925	equal	ct_6923
bt_6931	equal	ct_6930
ct_6939	equal	bt_6940
at_6969	equal	bt_6968
at_6975	equal	bt_6974
ct_6978	equal	bt_6979
bt_6980	equal	at_6981
ct_6984	equal	bt_6985
at_6987	equal	bt_6986
ct_6987	equal	bt_6988
bt_6991	equal	ct_6990
ct_6995	equal	at_6997
at_6999	equal	bt_6998
ct_7010	equal	at_7012
ct_7011	equal	bt_7012
ct_7016	equal	at_7018
ct_7031	equal	at_7033
ct_7049	equal	at_7051
bt_7079	equal	at_7080
at_7092	equal	bt_7091
ct_7098	equal	bt_7099
bt_7108	equal	ct_7107
at_7125	equal	bt_7124
at_7140	equal	bt_7139
bt_7141	equal	ct_7140
bt_7142	equal	at_7143
ct_7142	equal	at_7144
at_7170	equal	bt_7169
ct_7170	equal	bt_7171
bt_7175	equal	at_7176
ct_7175	equal	at_7177
at_7191	equal	bt_7190
at_7221	equal	bt_7220
at_7234	equal	ct_7232
ct_7244	equal	at_7246
ct_7245	equal	bt_7246
ct_7248	equal	bt_7249
bt_7253	equal	at_7254
at_7263	equal	bt_7262
bt_7264	equal	ct_7263
at_7269	equal	bt_7268
ct_7268	equal	at_7270
bt_7271	equal	at_7272
ct_7286	equal	at_7288
bt_7288	equal	ct_7287
ct_7293	equal	bt_7294
at_7296	equal	bt_7295
at_7311	equal	bt_7310
ct_7335	equal	bt_7336
at_7351	equal	ct_7349
at_7360	equal	ct_7358
bt_7372	equal	ct_7371
at_7380	equal	bt_7379
bt_7390	equal	ct_7389
ct_7398	equal	bt_7399
ct_7406	equal	at_7408
at_7411	equal	ct_7409
ct_7410	equal	bt_7411
at_7440	equal	bt_7439
bt_7445	equal	at_7446
at_7461	equal	bt_7460
ct_7464	equal	bt_7465
bt_7496	equal	at_7497
at_7510	equal	ct_7508
at_7512	equal	bt_7511
ct_7517	equal	at_7519
bt_7520	equal	at_7521
at_7527	equal	bt_7526
ct_7536	equal	bt_7537
bt_7547	equal	at_7548
bt_7549	equal	ct_7548
ct_7553	equal	at_7555
bt_7561	equal	ct_7560
at_7584	equal	bt_7583
at_7588	equal	ct_7586
bt_7612	equal	ct_7611
bt_7621	equal	ct_7620
at_7627	equal	ct_7625
bt_7627	equal	ct_7626
ct_7629	equal	bt_7630
at_7638	equal	bt_7637
ct_7638	equal	bt_7639
ct_7640	equal	at_7642
bt_7673	equal	at_7674
at_7693	equal	ct_7691
bt_7693	equal	ct_7692
ct_7698	equal	bt_7699
at_7704	equal	bt_7703
bt_7717	equal	ct_7716
ct_7718	equal	at_7720
ct_7736	equal	at_7738
at_7755	equal	bt_7754
ct_7758	equal	bt_7759
at_7761	equal	bt_7760
at_7776	equal	bt_7775
at_7777	equal	ct_7775
at_7782	equal	bt_7781
ct_7782	equal	bt_7783
bt_7796	equal	at_7797
ct_7808	equal	at_7810
ct_7809	equal	bt_7810
at_7815	equal	bt_7814
ct_7815	equal	bt_7816
ct_7844	equal	at_7846
ct_7848	equal	bt_7849
at_7852	equal	ct_7850
at_7908	equal	bt_7907
at_7911	equal	bt_7910
at_7930	equal	ct_7928
at_7938	equal	bt_7937
ct_7947	equal	bt_7948
ct_7989	equal	bt_7990
at_8022	equal	bt_8021
bt_8023	equal	ct_8022
bt_8024	equal	at_8025
bt_8026	equal	ct_8025
at_8043	equal	bt_8042
ct_8042	equal	at_8044
at_8047	equal	ct_8045
bt_8048	equal	at_8049
ct_8048	equal	at_8050
ct_8052	equal	bt_8053
at_8055	equal	bt_8054
at_8062	equal	ct_8060
bt_8083	equal	ct_8082
bt_8084	equal	at_8085
ct_8085	equal	bt_8086
ct_8111	equal	at_8113
ct_8124	equal	bt_8125
bt_8126	equal	at_8127
at_8136	equal	bt_8135
at_8140	equal	ct_8138
ct_8145	equal	bt_8146
at_8148	equal	bt_8147
bt_8183	equal	at_8184
ct_8205	equal	bt_8206
at_8208	equal	bt_8207
at_8209	equal	ct_8207
bt_8213	equal	at_8214
bt_8224	equal	ct_8223
bt_8225	equal	at_8226
bt_8227	equal	ct_8226
at_8230	equal	ct_8228
ct_8240	equal	at_8242
ct_8241	equal	bt_8242
at_8245	equal	ct_8243
at_8247	equal	bt_8246
at_8250	equal	bt_8249
ct_8262	equal	bt_8263
bt_8267	equal	at_8268
at_8271	equal	bt_8270
ct_8283	equal	bt_8284
ct_8300	equal	at_8302
ct_8313	equal	bt_8314
bt_8321	equal	at_8322
bt_8336	equal	at_8337
ct_8352	equal	bt_8353
at_8376	equal	bt_8375
ct_8375	equal	at_8377
at_8415	equal	bt_8414
bt_8450	equal	at_8451
at_8458	equal	ct_8456
at_8466	equal	bt_8465
at_8475	equal	bt_8474
bt_8485	equal	ct_8484
ct_8490	equal	bt_8491
at_8494	equal	ct_8492
bt_8498	equal	at_8499
at_8535	equal	bt_8534
at_8536	equal	ct_8534
bt_8545	equal	ct_8544
at_8553	equal	bt_8552
bt_8564	equal	at_8565
at_8577	equal	bt_8576
at_8580	equal	bt_8579
ct_8588	equal	at_8590
bt_8597	equal	at_8598
at_8599	equal	ct_8597
ct_8640	equal	bt_8641
bt_8642	equal	at_8643
ct_8646	equal	bt_8647
bt_8660	equal	at_8661
at_8664	equal	bt_8663
ct_8664	equal	bt_8665
bt_8671	equal	ct_8670
bt_8681	equal	at_8682
ct_8693	equal	at_8695
bt_8701	equal	ct_8700
at_8703	equal	bt_8702
ct_8724	equal	bt_8725
bt_8741	equal	at_8742
at_8754	equal	bt_8753
at_8755	equal	ct_8753
bt_8773	equal	ct_8772
ct_8780	equal	at_8782
bt_8792	equal	at_8793
bt_8797	equal	ct_8796
ct_8817	equal	bt_8818
at_8826	equal	bt_8825
ct_8831	equal	at_8833
bt_8836	equal	ct_8835
at_8863	equal	ct_8861
bt_8863	equal	ct_8862
at_8868	equal	bt_8867
bt_8882	equal	at_8883
bt_8897	equal	at_8898
at_8902	equal	ct_8900
bt_8902	equal	ct_8901
bt_8929	equal	ct_8928
ct_8930	equal	at_8932
at_8938	equal	ct_8936
bt_8956	equal	ct_8955
bt_8957	equal	at_8958
bt_8978	equal	at_8979
bt_8981	equal	at_8982
at_8995	equal	ct_8993
ct_9011	equal	at_9013
bt_9019	equal	ct_9018
at_9022	equal	ct_9020
ct_9048	equal	bt_9049
at_9052	equal	ct_9050
ct_9051	equal	bt_9052
bt_9065	equal	at_9066
bt_9074	equal	at_9075
bt_9085	equal	ct_9084
ct_9098	equal	at_9100
bt_9109	equal	ct_9108
at_9175	equal	ct_9173
ct_9174	equal	bt_9175
at_9177	equal	bt_9176
at_9187	equal	ct_9185
bt_9187	equal	ct_9186
ct_9198	equal	bt_9199
ct_9203	equal	at_9205
at_9214	equal	ct_9212
bt_9221	equal	at_9222
at_9241	equal	ct_9239
ct_9270	equal	bt_9271
ct_9273	equal	bt_9274
at_9277	equal	ct_9275
bt_9277	equal	ct_9276
bt_9287	equal	at_9288
bt_9289	equal	ct_9288
bt_9296	equal	at_9297
ct_9308	equal	at_9310
bt_9353	equal	at_9354
ct_9369	equal	bt_9370
at_9384	equal	bt_9383
at_9385	equal	ct_9383
ct_9402	equal	bt_9403
at_9406	equal	ct_9404
bt_9412	equal	ct_9411
ct_9417	equal	bt_9418
at_9427	equal	ct_9425
at_9447	equal	bt_9446
at_9448	equal	ct_9446
bt_9488	equal	at_9489
bt_9497	equal	at_9498
at_9510	equal	bt_9509
at_9513	equal	bt_9512
ct_9513	equal	bt_9514
at_9517	equal	ct_9515
ct_9528	equal	bt_9529
at_9538	equal	ct_9536
ct_9582	equal	bt_9583
bt_9587	equal	at_9588
ct_9588	equal	bt_9589
bt_9596	equal	at_9597
bt_9599	equal	at_9600
at_9612	equal	bt_9611
ct_9611	equal	at_9613
ct_9617	equal	at_9619
ct_9666	equal	bt_9667
bt_9674	equal	at_9675
ct_9674	equal	at_9676
ct_9677	equal	at_9679
ct_9686	equal	at_9688
at_9690	equal	bt_9689
bt_9695	equal	at_9696
bt_9698	equal	at_9699
at_9703	equal	ct_9701
ct_9702	equal	bt_9703
at_9711	equal	bt_9710
ct_9710	equal	at_9712
ct_9714	equal	bt_9715
at_9730	equal	ct_9728
bt_9730	equal	ct_9729
ct_9734	equal	at_9736
at_9750	equal	bt_9749
ct_9779	equal	at_9781
ct_9810	equal	bt_9811
ct_9812	equal	at_9814
at_9823	equal	ct_9821
at_9826	equal	ct_9824
at_9829	equal	ct_9827
ct_9842	equal	at_9844
at_9856	equal	ct_9854
ct_9858	equal	bt_9859
ct_9870	equal	bt_9871
at_9877	equal	ct_9875
ct_9878	equal	at_9880
at_9882	equal	bt_9881
ct_9884	equal	at_9886
at_9900	equal	bt_9899
ct_9908	equal	at_9910
bt_9910	equal	ct_9909
ct_9911	equal	at_9913
at_9921	equal	bt_9920
at_9927	equal	bt_9926
ct_9930	equal	bt_9931
bt_9941	equal	at_9942
ct_9948	equal	bt_9949
bt_9974	equal	at_9975
at_9996	equal	bt_9995
ct_10001	equal	at_10003
ct_10040	equal	at_10042
ct_10041	equal	bt_10042
ct_10076	equal	at_10078
at_10092	equal	bt_10091
ct_10118	equal	at_10120
ct_10127	equal	at_10129
at_10132	equal	ct_10130
at_10137	equal	bt_10136
ct_10136	equal	at_10138
at_10150	equal	ct_10148
ct_10152	equal	bt_10153
at_10156	equal	ct_10154
at_10171	equal	ct_10169
at_10177	equal	ct_10175
ct_10176	equal	bt_10177
at_10204	equal	ct_10202
ct_10205	equal	at_10207
bt_10207	equal	ct_10206
bt_10211	equal	at_10212
bt_10217	equal	at_10218
ct_10227	equal	bt_10228
at_10234	equal	ct_10232
ct_10251	equal	bt_10252
ct_10271	equal	at_10273
ct_10283	equal	at_10285
bt_10286	equal	at_10287
bt_10316	equal	at_10317
ct_10322	equal	at_10324
ct_10331	equal	at_10333
bt_10333	equal	ct_10332
at_10336	equal	ct_10334
ct_10338	equal	bt_10339
at_10348	equal	ct_10346
bt_10357	equal	ct_10356
ct_10373	equal	at_10375
bt_10375	equal	ct_10374
at_10377	equal	bt_10376
bt_10393	equal	ct_10392
at_10401	equal	bt_10400
bt_10402	equal	ct_10401
ct_10404	equal	bt_10405
at_10422	equal	bt_10421
ct_10422	equal	bt_10423
bt_10438	equal	ct_10437
at_10441	equal	ct_10439
bt_10445	equal	at_10446
at_10447	equal	ct_10445
ct_10454	equal	at_10456
at_10467	equal	bt_10466
bt_10484	equal	at_10485
at_10488	equal	bt_10487
ct_10497	equal	bt_10498
bt_10505	equal	at_10506
at_10516	equal	ct_10514
ct_10518	equal	bt_10519
bt_10523	equal	at_10524
at_10527	equal	bt_10526
ct_10526	equal	at_10528
at_10533	equal	bt_10532
ct_10551	equal	bt_10552
ct_10556	equal	at_10558
at_10570	equal	ct_10568
at_10599	equal	bt_10598
at_10612	equal	ct_10610
at_10620	equal	bt_10619
ct_10622	equal	at_10624
bt_10624	equal	ct_10623
ct_10628	equal	at_10630
bt_10634	equal	at_10635
at_10650	equal	bt_10649
ct_10656	equal	bt_10657
bt_10667	equal	at_10668
bt_10679	equal	at_10680
at_10693	equal	ct_10691
bt_10736	equal	at_10737
at_10743	equal	bt_10742
ct_10743	equal	bt_10744
at_10795	equal	ct_10793
ct_10800	equal	bt_10801
at_10846	equal	ct_10844
bt_10858	equal	ct_10857
at_10860	equal	bt_10859
ct_10863	equal	bt_10864
bt_10865	equal	at_10866
ct_10866	equal	bt_10867
ct_10877	equal	at_10879
bt_10889	equal	at_10890
bt_10936	equal	ct_10935
ct_10965	equal	bt_10966
at_10984	equal	ct_10982
bt_10984	equal	ct_10983
bt_10985	equal	at_10986
at_10990	equal	ct_10988
ct_10989	equal	bt_10990
at_11005	equal	ct_11003
bt_11006	equal	at_11007
bt_11008	equal	ct_11007
at_11010	equal	bt_11009
bt_11026	equal	ct_11025
ct_11028	equal	bt_11029
at_11061	equal	bt_11060
ct_11066	equal	at_11068
ct_11067	equal	bt_11068
ct_11072	equal	at_11074
at_11086	equal	ct_11084
at_11100	equal	bt_11099
at_11104	equal	ct_11102
at_11112	equal	bt_11111
at_11113	equal	ct_11111
at_11124	equal	bt_11123
ct_11130	equal	bt_11131
at_11145	equal	bt_11144
at_11149	equal	ct_11147
ct_11148	equal	bt_11149
bt_11152	equal	ct_11151
bt_11171	equal	at_11172
bt_11180	equal	at_11181
ct_11180	equal	at_11182
bt_11188	equal	ct_11187
ct_11208	equal	bt_11209
at_11211	equal	bt_11210
at_11212	equal	ct_11210
ct_11255	equal	at_11257
at_11275	equal	ct_11273
at_11277	equal	bt_11276
bt_11279	equal	at_11280
bt_11281	equal	ct_11280
at_11283	equal	bt_11282
at_11289	equal	bt_11288
bt_11305	equal	ct_11304
bt_11363	equal	at_11364
at_11373	equal	bt_11372
ct_11375	equal	at_11377
bt_11377	equal	ct_11376
bt_11383	equal	ct_11382
bt_11396	equal	at_11397
bt_11398	equal	ct_11397
at_11404	equal	ct_11402
at_11419	equal	ct_11417
at_11425	equal	ct_11423
at_11430	equal	bt_11429
at_11437	equal	ct_11435
bt_11437	equal	ct_11436
at_11440	equal	ct_11438
at_11451	equal	bt_11450
bt_11452	equal	ct_11451
at_11461	equal	ct_11459
bt_11464	equal	ct_11463
at_11467	equal	ct_11465
ct_11466	equal	bt_11467
at_11475	equal	bt_11474
ct_11475	equal	bt_11476
ct_11486	equal	at_11488
at_11490	equal	bt_11489
ct_11490	equal	bt_11491
ct_11492	equal	at_11494
ct_11498	equal	at_11500
bt_11501	equal	at_11502
at_11505	equal	bt_11504
at_11509	equal	ct_11507
bt_11531	equal	at_11532
ct_11552	equal	at_11554
bt_11570	equal	at_11571
ct_11571	equal	bt_11572
at_11575	equal	ct_11573
bt_11590	equal	ct_11589
ct_11600	equal	at_11602
ct_11618	equal	at_11620
at_11626	equal	ct_11624
bt_11642	equal	at_11643
bt_11665	equal	ct_11664
ct_11687	equal	at_11689
ct_11690	equal	at_11692
bt_11692	equal	ct_11691
ct_11693	equal	at_11695
ct_11744	equal	at_11746
bt_11746	equal	ct_11745
ct_11774	equal	at_11776
at_11781	equal	bt_11780
bt_11782	equal	ct_11781
ct_11795	equal	at_11797
at_11808	equal	bt_11807
ct_11811	equal	bt_11812
bt_11819	equal	at_11820
bt_11822	equal	at_11823
ct_11823	equal	bt_11824
at_11832	equal	bt_11831
bt_11836	equal	ct_11835
at_11863	equal	ct_11861
ct_11871	equal	bt_11872
at_11884	equal	ct_11882
at_11889	equal	bt_11888
bt_11918	equal	at_11919
bt_11920	equal	ct_11919
bt_11923	equal	ct_11922
bt_11948	equal	at_11949
at_11976	equal	bt_11975
bt_11987	equal	at_11988
ct_11994	equal	bt_11995
ct_12006	equal	bt_12007
ct_12020	equal	at_12022
bt_12022	equal	ct_12021
at_12024	equal	bt_12023
ct_12024	equal	bt_12025
ct_12042	equal	bt_12043
bt_12079	equal	ct_12078
ct_12147	equal	bt_12148
bt_42	equal	at_44
at_215	equal	bt_213
bt_267	equal	at_269
ct_268	equal	at_272
bt_276	equal	at_278
bt_321	equal	at_323
at_326	equal	ct_322
at_332	equal	bt_330
bt_402	equal	at_404
ct_406	equal	bt_408
at_449	equal	bt_447
bt_483	equal	at_485
at_488	equal	ct_484
ct_532	equal	bt_534
at_587	equal	ct_583
bt_627	equal	at_629
at_659	equal	ct_655
ct_658	equal	bt_660
bt_687	equal	ct_685
at_704	equal	ct_700
ct_736	equal	at_740
ct_781	equal	at_785
ct_784	equal	bt_786
at_818	equal	bt_816
bt_834	equal	at_836
at_944	equal	bt_942
at_947	equal	ct_943
at_1016	equal	bt_1014
at_1019	equal	ct_1015
bt_1023	equal	at_1025
at_1046	equal	ct_1042
bt_1047	equal	ct_1045
ct_1060	equal	at_1064
bt_1086	equal	at_1088
ct_1096	equal	at_1100
at_1133	equal	bt_1131
ct_1132	equal	at_1136
bt_1191	equal	ct_1189
at_1208	equal	ct_1204
at_1217	equal	ct_1213
ct_1222	equal	at_1226
at_1304	equal	bt_1302
ct_1303	equal	at_1307
at_1313	equal	bt_1311
ct_1360	equal	bt_1362
bt_1380	equal	ct_1378
ct_1387	equal	bt_1389
bt_1407	equal	ct_1405
bt_1410	equal	at_1412
ct_1432	equal	bt_1434
at_1478	equal	ct_1474
ct_1495	equal	bt_1497
ct_1501	equal	at_1505
at_1556	equal	bt_1554
at_1613	equal	ct_1609
at_1622	equal	ct_1618
at_1640	equal	ct_1636
at_1667	equal	ct_1663
ct_1666	equal	bt_1668
bt_1686	equal	ct_1684
ct_1693	equal	bt_1695
bt_1743	equal	at_1745
bt_1779	equal	at_1781
at_1847	equal	ct_1843
bt_1887	equal	at_1889
at_1934	equal	bt_1932
at_1955	equal	ct_1951
at_1988	equal	bt_1986
ct_2008	equal	bt_2010
ct_2017	equal	bt_2019
at_2024	equal	bt_2022
at_2036	equal	ct_2032
ct_2035	equal	bt_2037
bt_2058	equal	at_2060
bt_2067	equal	at_2069
bt_2073	equal	ct_2071
ct_2104	equal	at_2108
bt_2109	equal	ct_2107
bt_2190	equal	ct_2188
at_2195	equal	bt_2193
ct_2197	equal	bt_2199
at_2204	equal	bt_2202
ct_2212	equal	at_2216
ct_2215	equal	bt_2217
at_2234	equal	ct_2230
ct_2338	equal	at_2342
ct_2341	equal	bt_2343
at_2351	equal	ct_2347
ct_2365	equal	at_2369
bt_2382	equal	at_2384
bt_2388	equal	ct_2386
ct_2410	equal	at_2414
at_2510	equal	bt_2508
ct_2536	equal	at_2540
bt_2541	equal	ct_2539
bt_2553	equal	at_2555
ct_2602	equal	bt_2604
bt_2607	equal	at_2609
bt_2622	equal	ct_2620
ct_2629	equal	bt_2631
ct_2635	equal	at_2639
at_2645	equal	bt_2643
bt_2649	equal	ct_2647
bt_2679	equal	at_2681
bt_2697	equal	at_2699
at_2702	equal	ct_2698
at_2762	equal	bt_2760
at_2783	equal	ct_2779
ct_2806	equal	at_2810
at_2837	equal	ct_2833
at_2843	equal	bt_2841
ct_2887	equal	at_2891
bt_2931	equal	at_2933
ct_2944	equal	bt_2946
bt_2964	equal	ct_2962
ct_2977	equal	at_2981
ct_2980	equal	bt_2982
bt_2985	equal	at_2987
at_2999	equal	ct_2995
ct_3013	equal	at_3017
at_3062	equal	ct_3058
ct_3106	equal	bt_3108
at_3152	equal	ct_3148
bt_3153	equal	ct_3151
ct_3169	equal	bt_3171
at_3179	equal	ct_3175
bt_3183	equal	at_3185
bt_3192	equal	at_3194
at_3206	equal	ct_3202
bt_3237	equal	at_3239
at_3251	equal	ct_3247
bt_3390	equal	at_3392
ct_3421	equal	bt_3423
bt_3462	equal	at_3464
bt_3477	equal	ct_3475
at_3491	equal	bt_3489
ct_3553	equal	at_3557
ct_3592	equal	bt_3594
ct_3598	equal	at_3602
bt_3657	equal	ct_3655
at_3725	equal	bt_3723
at_3746	equal	ct_3742
ct_3787	equal	at_3791
bt_3804	equal	at_3806
bt_3855	equal	ct_3853
ct_3859	equal	at_3863
ct_3886	equal	at_3890
bt_3891	equal	ct_3889
ct_3958	equal	at_3962
ct_3961	equal	bt_3963
at_3971	equal	ct_3967
at_3995	equal	bt_3993
bt_3999	equal	ct_3997
at_4040	equal	bt_4038
ct_4039	equal	at_4043
at_4088	equal	ct_4084
bt_4119	equal	at_4121
ct_4123	equal	bt_4125
ct_4165	equal	at_4169
bt_4179	equal	ct_4177
at_4223	equal	ct_4219
bt_4227	equal	at_4229
bt_4233	equal	ct_4231
at_4247	equal	bt_4245
bt_4254	equal	at_4256
at_4259	equal	ct_4255
at_4265	equal	bt_4263
ct_4264	equal	at_4268
bt_4308	equal	at_4310
at_4331	equal	ct_4327
bt_4443	equal	at_4445
at_4526	equal	bt_4524
bt_4557	equal	ct_4555
at_4571	equal	bt_4569
bt_4578	equal	at_4580
bt_4584	equal	ct_4582
ct_4588	equal	at_4592
at_4634	equal	bt_4632
bt_4641	equal	at_4643
bt_4647	equal	ct_4645
bt_4695	equal	at_4697
ct_4759	equal	at_4763
ct_4777	equal	at_4781
ct_4786	equal	at_4790
ct_4789	equal	bt_4791
ct_4816	equal	bt_4818
bt_4929	equal	at_4931
ct_4933	equal	bt_4935
at_4952	equal	ct_4948
at_4961	equal	ct_4957
bt_4989	equal	ct_4987
bt_5001	equal	at_5003
bt_5037	equal	at_5039
ct_5041	equal	bt_5043
bt_5088	equal	ct_5086
at_5102	equal	bt_5100
ct_5164	equal	at_5168
bt_5178	equal	ct_5176
ct_5212	equal	bt_5214
ct_5218	equal	at_5222
at_5237	equal	bt_5235
at_5240	equal	ct_5236
ct_5245	equal	at_5249
bt_5271	equal	at_5273
bt_5280	equal	at_5282
ct_5281	equal	at_5285
at_5312	equal	ct_5308
at_5327	equal	bt_5325
ct_5344	equal	at_5348
bt_5361	equal	at_5363
at_5390	equal	bt_5388
ct_5392	equal	bt_5394
at_5417	equal	bt_5415
ct_5419	equal	bt_5421
ct_5488	equal	at_5492
bt_5520	equal	ct_5518
ct_5569	equal	at_5573
at_5600	equal	ct_5596
bt_5613	equal	at_5615
bt_5619	equal	ct_5617
bt_5664	equal	ct_5662
at_5705	equal	bt_5703
at_5708	equal	ct_5704
bt_5730	equal	at_5732
bt_5748	equal	at_5750
at_5753	equal	ct_5749
at_5759	equal	bt_5757
ct_5815	equal	bt_5817
ct_5875	equal	at_5879
bt_5943	equal	ct_5941
at_5984	equal	bt_5982
bt_5988	equal	ct_5986
at_6029	equal	bt_6027
bt_6054	equal	at_6056
at_6074	equal	bt_6072
at_6149	equal	ct_6145
at_6182	equal	bt_6180
at_6185	equal	ct_6181
ct_6202	equal	bt_6204
at_6209	equal	bt_6207
bt_6276	equal	ct_6274
ct_6316	equal	at_6320
bt_6423	equal	at_6425
ct_6433	equal	at_6437
bt_6450	equal	at_6452
at_6455	equal	ct_6451
ct_6499	equal	bt_6501
at_6617	equal	ct_6613
ct_6661	equal	bt_6663
at_6725	equal	ct_6721
ct_6724	equal	bt_6726
at_6806	equal	ct_6802
at_6833	equal	ct_6829
ct_6832	equal	bt_6834
bt_6870	equal	ct_6868
at_6887	equal	ct_6883
bt_6906	equal	ct_6904
ct_6910	equal	at_6914
bt_6918	equal	at_6920
bt_6924	equal	ct_6922
at_6977	equal	ct_6973
at_6995	equal	ct_6991
ct_7003	equal	bt_7005
at_7013	equal	ct_7009
ct_7039	equal	bt_7041
at_7103	equal	ct_7099
at_7175	equal	ct_7171
at_7184	equal	ct_7180
ct_7234	equal	at_7238
bt_7242	equal	at_7244
bt_7248	equal	ct_7246
at_7364	equal	ct_7360
at_7379	equal	bt_7377
bt_7395	equal	at_7397
at_7418	equal	ct_7414
ct_7417	equal	bt_7419
ct_7450	equal	at_7454
ct_7558	equal	at_7562
ct_7624	equal	bt_7626
bt_7683	equal	at_7685
bt_7707	equal	ct_7705
ct_7732	equal	bt_7734
bt_7743	equal	ct_7741
ct_7765	equal	at_7769
at_7778	equal	ct_7774
ct_7777	equal	bt_7779
ct_7783	equal	at_7787
at_7913	equal	ct_7909
ct_7936	equal	at_7940
bt_7962	equal	at_7964
bt_7989	equal	at_7991
at_8003	equal	ct_7999
ct_8002	equal	bt_8004
ct_8035	equal	at_8039
bt_8061	equal	at_8063
at_8066	equal	ct_8062
at_8072	equal	bt_8070
at_8102	equal	ct_8098
bt_8106	equal	at_8108
bt_8121	equal	ct_8119
bt_8139	equal	ct_8137
at_8144	equal	bt_8142
bt_8151	equal	at_8153
bt_8232	equal	at_8234
at_8252	equal	bt_8250
ct_8281	equal	bt_8283
ct_8290	equal	bt_8292
at_8309	equal	ct_8305
bt_8331	equal	at_8333
at_8336	equal	ct_8332
at_8369	equal	bt_8367
ct_8368	equal	at_8372
bt_8376	equal	at_8378
bt_8580	equal	ct_8578
ct_8605	equal	bt_8607
at_8612	equal	bt_8610
at_8621	equal	bt_8619
at_8705	equal	ct_8701
at_8741	equal	ct_8737
bt_8778	equal	ct_8776
bt_8781	equal	at_8783
ct_8785	equal	bt_8787
at_8792	equal	bt_8790
ct_8794	equal	bt_8796
bt_8823	equal	ct_8821
ct_8830	equal	bt_8832
ct_8845	equal	at_8849
bt_8898	equal	at_8900
at_8936	equal	bt_8934
ct_8938	equal	bt_8940
bt_9030	equal	ct_9028
ct_9079	equal	at_9083
ct_9100	equal	bt_9102
bt_9204	equal	at_9206
bt_9210	equal	ct_9208
bt_9213	equal	at_9215
bt_9219	equal	ct_9217
at_9224	equal	bt_9222
at_9323	equal	bt_9321
bt_9327	equal	ct_9325
ct_9349	equal	at_9353
ct_9358	equal	at_9362
ct_9361	equal	bt_9363
bt_9393	equal	at_9395
bt_9399	equal	ct_9397
bt_9543	equal	ct_9541
bt_9561	equal	ct_9559
ct_9622	equal	bt_9624
at_9632	equal	ct_9628
at_9638	equal	bt_9636
ct_9682	equal	at_9686
at_9695	equal	ct_9691
ct_9739	equal	bt_9741
at_9758	equal	ct_9754
bt_9789	equal	at_9791
ct_9793	equal	bt_9795
bt_9843	equal	at_9845
bt_9879	equal	at_9881
ct_9910	equal	bt_9912
bt_9942	equal	at_9944
at_9947	equal	ct_9943
ct_9952	equal	at_9956
at_9962	equal	bt_9960
ct_9973	equal	bt_9975
bt_10014	equal	at_10016
bt_10032	equal	at_10034
at_10160	equal	bt_10158
bt_10164	equal	ct_10162
ct_10177	equal	at_10181
bt_10212	equal	at_10214
bt_10227	equal	ct_10225
ct_10252	equal	bt_10254
bt_10284	equal	at_10286
at_10334	equal	ct_10330
bt_10338	equal	at_10340
bt_10398	equal	ct_10396
bt_10419	equal	at_10421
bt_10437	equal	at_10439
bt_10533	equal	ct_10531
at_10550	equal	ct_10546
ct_10567	equal	bt_10569
ct_10591	equal	at_10595
bt_10632	equal	ct_10630
ct_10672	equal	at_10676
at_10745	equal	bt_10743
bt_10821	equal	ct_10819
at_10829	equal	ct_10825
at_10853	equal	bt_10851
ct_10861	equal	at_10865
ct_10873	equal	bt_10875
bt_10941	equal	at_10943
ct_10972	equal	bt_10974
ct_10978	equal	at_10982
at_10991	equal	ct_10987
at_10997	equal	bt_10995
bt_11010	equal	ct_11008
at_11090	equal	ct_11086
bt_11154	equal	ct_11152
at_11168	equal	bt_11166
ct_11185	equal	at_11189
bt_11229	equal	at_11231
bt_11238	equal	at_11240
ct_11242	equal	bt_11244
ct_11266	equal	at_11270
at_11276	equal	bt_11274
bt_11292	equal	at_11294
bt_11328	equal	at_11330
ct_11332	equal	bt_11334
bt_11337	equal	at_11339
ct_11338	equal	at_11342
ct_11359	equal	bt_11361
bt_11400	equal	at_11402
bt_11415	equal	ct_11413
at_11432	equal	ct_11428
bt_11436	equal	at_11438
ct_11437	equal	at_11441
bt_11508	equal	at_11510
at_11522	equal	ct_11518
ct_11572	equal	at_11576
at_11582	equal	bt_11580
bt_11676	equal	ct_11674
ct_11710	equal	bt_11712
bt_11721	equal	ct_11719
bt_11760	equal	at_11762
ct_11797	equal	at_11801
ct_11833	equal	at_11837
ct_11953	equal	bt_11955
at_12017	equal	ct_12013
bt_12048	equal	at_12050
ct_12052	equal	bt_12054
at_12059	equal	bt_12057
at_12104	equal	bt_12102
ct_76	equal	at_86
bt_126	equal	at_131
ct_193	equal	bt_198
at_248	equal	ct_238
at_410	equal	ct_400
at_482	equal	bt_477
ct_643	equal	at_653
bt_720	equal	at_725
at_779	equal	bt_774
bt_882	equal	at_887
ct_886	equal	at_896
ct_922	equal	bt_927
at_1238	equal	bt_1233
ct_1354	equal	bt_1359
ct_1399	equal	at_1409
bt_1503	equal	at_1508
at_1643	equal	bt_1638
at_1724	equal	bt_1719
bt_1737	equal	ct_1732
ct_1921	equal	bt_1926
at_2030	equal	ct_2020
at_2102	equal	bt_2097
ct_2110	equal	bt_2115
at_2345	equal	bt_2340
at_2561	equal	bt_2556
at_2588	equal	bt_2583
bt_2601	equal	ct_2596
at_2615	equal	bt_2610
at_2624	equal	ct_2614
ct_2677	equal	bt_2682
ct_2731	equal	bt_2736
bt_2772	equal	at_2777
at_2858	equal	bt_2853
bt_2952	equal	ct_2947
bt_3015	equal	at_3020
ct_3028	equal	bt_3033
bt_3222	equal	ct_3217
ct_3235	equal	at_3245
ct_3244	equal	bt_3249
bt_3303	equal	ct_3298
ct_3343	equal	at_3353
at_3425	equal	bt_3420
bt_3465	equal	ct_3460
at_3596	equal	ct_3586
bt_3708	equal	ct_3703
bt_3852	equal	at_3857
bt_3906	equal	at_3911
ct_3910	equal	at_3920
ct_3964	equal	at_3974
at_4001	equal	ct_3991
ct_4018	equal	at_4028
at_4073	equal	bt_4068
at_4109	equal	ct_4099
at_4127	equal	bt_4122
bt_4149	equal	at_4154
ct_4234	equal	at_4244
ct_4261	equal	at_4271
bt_4302	equal	ct_4297
bt_4446	equal	at_4451
bt_4626	equal	ct_4621
ct_4729	equal	bt_4734
at_4802	equal	bt_4797
bt_4878	equal	at_4883
ct_4891	equal	bt_4896
at_4937	equal	bt_4932
ct_5134	equal	bt_5139
ct_5179	equal	at_5189
at_5207	equal	bt_5202
ct_5215	equal	bt_5220
bt_5310	equal	at_5315
ct_5323	equal	bt_5328
ct_5368	equal	at_5378
bt_5382	equal	ct_5377
bt_5409	equal	ct_5404
at_5540	equal	ct_5530
ct_5638	equal	at_5648
bt_5706	equal	ct_5701
ct_5719	equal	at_5729
at_5855	equal	bt_5850
at_5918	equal	ct_5908
ct_6241	equal	bt_6246
at_6431	equal	ct_6421
ct_6430	equal	bt_6435
at_6539	equal	ct_6529
at_6620	equal	ct_6610
ct_6637	equal	at_6647
ct_6646	equal	bt_6651
bt_6732	equal	ct_6727
bt_6768	equal	at_6773
ct_6781	equal	bt_6786
ct_6862	equal	bt_6867
at_6908	equal	bt_6903
ct_7042	equal	at_7052
at_7232	equal	bt_7227
bt_7326	equal	ct_7321
ct_7447	equal	at_7457
bt_7524	equal	at_7529
ct_7537	equal	bt_7542
bt_7785	equal	ct_7780
at_7853	equal	bt_7848
ct_7852	equal	at_7862
bt_8001	equal	ct_7996
ct_8023	equal	bt_8028
at_8177	equal	bt_8172
at_8213	equal	ct_8203
bt_8550	equal	at_8555
bt_8577	equal	at_8582
bt_8658	equal	at_8663
bt_8685	equal	at_8690
at_8744	equal	bt_8739
at_9122	equal	bt_9117
bt_9252	equal	at_9257
bt_9333	equal	at_9338
bt_9360	equal	at_9365
at_9401	equal	ct_9391
ct_9400	equal	bt_9405
bt_9414	equal	at_9419
bt_9603	equal	at_9608
at_9635	equal	bt_9630
at_9698	equal	ct_9688
bt_9702	equal	ct_9697
ct_9769	equal	at_9779
bt_9783	equal	ct_9778
bt_9810	equal	ct_9805
ct_9823	equal	at_9833
at_9941	equal	ct_9931
bt_9981	equal	at_9986
bt_9999	equal	ct_9994
at_10184	equal	ct_10174
ct_10255	equal	at_10265
at_10346	equal	ct_10336
bt_10377	equal	ct_10372
ct_10444	equal	at_10454
ct_10561	equal	bt_10566
bt_10764	equal	at_10769
at_11066	equal	bt_11061
bt_11277	equal	at_11282
at_11291	equal	ct_11281
at_11399	equal	ct_11389
bt_11565	equal	ct_11560
bt_11628	equal	at_11633
bt_11844	equal	at_11849
bt_11889	equal	ct_11884
at_11930	equal	bt_11925
ct_11938	equal	bt_11943
at_11957	equal	bt_11952
ct_12019	equal	bt_12024
bt_12060	equal	at_12065
ct_12118	equal	at_12128
ct_310	equal	at_338
bt_621	equal	at_635
ct_1849	equal	at_1877
ct_1876	equal	bt_1890
ct_2281	equal	bt_2295
bt_2376	equal	ct_2362
bt_2403	equal	at_2417
ct_2497	equal	at_2525
at_2930	equal	ct_2902
at_3254	equal	ct_3226
bt_3375	equal	at_3389
bt_4266	equal	at_4280
at_4469	equal	ct_4441
at_4523	equal	bt_4509
ct_4765	equal	at_4793
ct_4792	equal	bt_4806
bt_5076	equal	at_5090
at_5171	equal	bt_5157
at_5198	equal	ct_5170
bt_5319	equal	at_5333
at_5441	equal	ct_5413
bt_5562	equal	at_5576
bt_5805	equal	at_5819
at_5846	equal	ct_5818
bt_6453	equal	at_6467
at_6548	equal	bt_6534
ct_6628	equal	at_6656
ct_6655	equal	bt_6669
bt_6993	equal	ct_6979
at_7034	equal	bt_7020
ct_7141	equal	bt_7155
at_7520	equal	bt_7506
bt_8316	equal	at_8330
bt_8856	equal	ct_8842
ct_8977	equal	at_9005
at_9140	equal	bt_9126
ct_9166	equal	bt_9180
ct_9949	equal	at_9977
ct_10354	equal	at_10382
at_10706	equal	ct_10678
ct_10705	equal	bt_10719
ct_10948	equal	bt_10962
at_11273	equal	ct_11245
at_11354	equal	ct_11326
ct_11353	equal	bt_11367
at_11516	equal	ct_11488
ct_526	equal	bt_567
ct_2227	equal	bt_2268
ct_2389	equal	at_2471
bt_4536	equal	at_4577
ct_4576	equal	at_4658
ct_4900	equal	bt_4941
at_5063	equal	bt_5022
at_9194	equal	bt_9153
at_9437	equal	bt_9396
ct_9436	equal	at_9518
ct_10165	equal	at_10247
bt_10368	equal	at_10409
bt_10530	equal	ct_10489
ct_11380	equal	at_11462
ct_11704	equal	bt_11745
